-- phpMyAdmin SQL Dump
-- version 5.2.1
-- https://www.phpmyadmin.net/
--
-- Host: 127.0.0.1:3306
-- Generation Time: Jul 24, 2025 at 04:19 AM
-- Server version: 10.11.10-MariaDB-log
-- PHP Version: 7.2.34

SET SQL_MODE = "NO_AUTO_VALUE_ON_ZERO";
START TRANSACTION;
SET time_zone = "+00:00";


/*!40101 SET @OLD_CHARACTER_SET_CLIENT=@@CHARACTER_SET_CLIENT */;
/*!40101 SET @OLD_CHARACTER_SET_RESULTS=@@CHARACTER_SET_RESULTS */;
/*!40101 SET @OLD_COLLATION_CONNECTION=@@COLLATION_CONNECTION */;
/*!40101 SET NAMES utf8mb4 */;

--
-- Database: `u820431346_smis`
--

-- --------------------------------------------------------

--
-- Table structure for table `admin`
--

CREATE TABLE `admin` (
  `id` int(11) NOT NULL,
  `UserName` varchar(100) DEFAULT NULL,
  `email` varchar(500) NOT NULL,
  `Password` varchar(100) DEFAULT NULL,
  `user_type` int(11) NOT NULL COMMENT '1. Admin\r\n2. MIS\r\n3. Training Center',
  `updationDate` timestamp NULL DEFAULT current_timestamp()
) ENGINE=InnoDB DEFAULT CHARSET=latin1 COLLATE=latin1_swedish_ci;

--
-- Dumping data for table `admin`
--

INSERT INTO `admin` (`id`, `UserName`, `email`, `Password`, `user_type`, `updationDate`) VALUES
(8, 'Admin', 'rajesh.bfa@gmail.com', 'e14afc771d06531ea33e575b070421ff', 1, '2025-02-19 00:50:14'),
(9, 'Manager', 'softpro.ppm@gmail.com', 'd00f5d5217896fb7fd601412cb890830', 2, '2025-02-19 00:50:45'),
(17, 'demouser', 'demo@gmail.com', 'd00f5d5217896fb7fd601412cb890830', 1, '2025-04-04 15:53:18');

-- --------------------------------------------------------

--
-- Table structure for table `emi_list`
--

CREATE TABLE `emi_list` (
  `id` int(11) NOT NULL,
  `candidate_id` int(11) DEFAULT NULL,
  `paid` int(11) NOT NULL,
  `payment_mode` text DEFAULT NULL,
  `added_type` int(11) NOT NULL,
  `created` timestamp NOT NULL DEFAULT current_timestamp()
) ENGINE=InnoDB DEFAULT CHARSET=utf8mb4 COLLATE=utf8mb4_unicode_ci;

--
-- Dumping data for table `emi_list`
--

INSERT INTO `emi_list` (`id`, `candidate_id`, `paid`, `payment_mode`, `added_type`, `created`) VALUES
(57, 1530, 1000, 'Online', 1, '2025-03-24 12:20:59'),
(58, 1531, 1000, 'Online', 1, '2025-03-24 12:24:44'),
(59, 1531, 0, 'Online', 1, '2025-03-26 06:59:30'),
(60, 1532, 1500, 'Online', 1, '2025-03-27 06:11:21'),
(61, 1533, 1000, 'Online', 1, '2025-03-27 06:20:27'),
(62, 1534, 1000, 'Online', 1, '2025-03-28 09:37:15'),
(63, 1534, 0, 'Online', 1, '2025-03-28 23:16:27'),
(64, 1534, 10, 'Online', 1, '2025-03-28 23:21:21'),
(65, 1535, 1500, 'Online', 1, '2025-03-31 07:18:54'),
(66, 1531, 500, 'Online', 1, '2025-04-01 04:27:19'),
(67, 1536, 1000, 'Online', 1, '2025-04-01 04:45:13'),
(68, 1537, 1500, 'Online', 1, '2025-04-01 05:06:43'),
(69, 1538, 1000, 'Online', 1, '2025-04-01 05:37:13'),
(70, 1539, 1500, 'Online', 1, '2025-04-01 06:22:54'),
(71, 1538, 0, 'Online', 1, '2025-04-01 06:39:26'),
(72, 1540, 1000, 'Online', 1, '2025-04-01 06:54:10'),
(73, 1541, 1000, 'Online', 1, '2025-04-03 06:25:26'),
(74, 1542, 1500, 'Online', 1, '2025-04-03 09:20:26'),
(78, 1534, 490, 'Cash', 1, '2025-04-04 00:00:00'),
(79, 1544, 1500, 'Online', 1, '2025-04-04 00:00:00'),
(80, 1545, 500, 'Cash', 1, '2025-04-04 00:00:00'),
(81, 1546, 1000, 'Online', 1, '2025-04-05 00:00:00'),
(83, 1551, 1000, 'Cash', 1, '2025-04-09 00:00:00'),
(84, 1545, 500, 'Cash', 1, '2025-04-09 00:00:00'),
(85, 1554, 1000, 'Cash', 1, '2025-04-10 00:00:00'),
(86, 1554, 0, 'Cash', 1, '2025-04-09 00:00:00'),
(87, 1556, 1000, 'Cash', 1, '2025-04-10 00:00:00'),
(88, 1557, 1500, 'Cash', 1, '2025-04-10 00:00:00'),
(89, 1558, 1000, 'Cash', 1, '2025-04-10 00:00:00'),
(90, 1559, 1000, 'Online', 1, '2025-04-10 00:00:00'),
(91, 1538, 500, 'Cash', 1, '2025-04-11 00:00:00'),
(92, 1568, 500, 'Cash', 1, '2025-04-11 00:00:00'),
(93, 1569, 1000, 'Cash', 1, '2025-04-12 00:00:00'),
(94, 1570, 1000, 'Cash', 1, '2025-04-12 00:00:00'),
(95, 1571, 1000, 'Cash', 1, '2025-04-12 00:00:00'),
(96, 1556, 500, 'Cash', 1, '2025-04-12 00:00:00'),
(97, 1573, 1000, 'Cash', 1, '2025-04-14 00:00:00'),
(98, 1574, 1000, 'Cash', 1, '2025-04-14 00:00:00'),
(99, 1581, 1000, 'Cash', 1, '2025-04-15 00:00:00'),
(100, 1584, 1500, 'Cash', 1, '2025-04-16 00:00:00'),
(101, 1585, 1200, 'Online', 1, '2025-04-16 00:00:00'),
(102, 1585, 300, 'Cash', 1, '2025-04-16 00:00:00'),
(103, 1568, 500, 'Cash', 1, '2025-04-17 00:00:00'),
(104, 1572, 1000, 'Cash', 1, '2025-04-17 00:00:00'),
(105, 1563, 1000, 'Cash', 1, '2025-04-17 00:00:00'),
(107, 1560, 1000, 'Cash', 1, '2025-04-18 00:00:00'),
(108, 1564, 1000, 'Cash', 1, '2025-04-18 00:00:00'),
(109, 1582, 0, 'Cash', 1, '2025-04-18 00:00:00'),
(111, 1589, 0, 'Cash', 1, '2025-04-18 00:00:00'),
(113, 1589, 0, 'Cash', 1, '2025-04-18 00:00:00'),
(115, 1587, 0, 'Cash', 1, '2025-04-18 00:00:00'),
(116, 1586, 0, 'Cash', 1, '2025-04-18 00:00:00'),
(117, 1583, 0, 'Cash', 1, '2025-04-18 00:00:00'),
(119, 1549, 0, 'Cash', 1, '2025-04-18 00:00:00'),
(122, 1553, 0, 'Cash', 1, '2025-04-18 00:00:00'),
(123, 1555, 0, 'Cash', 1, '2025-04-18 00:00:00'),
(124, 1561, 0, 'Cash', 1, '2025-04-18 00:00:00'),
(126, 1565, 0, 'Cash', 1, '2025-04-18 00:00:00'),
(128, 1567, 0, 'Cash', 1, '2025-04-18 00:00:00'),
(129, 1575, 0, 'Cash', 1, '2025-04-18 00:00:00'),
(130, 1580, 0, 'Cash', 1, '2025-04-18 00:00:00'),
(131, 1576, 0, 'Cash', 1, '2025-04-18 00:00:00'),
(132, 1577, 0, 'Cash', 1, '2025-04-18 00:00:00'),
(133, 1578, 0, 'Cash', 1, '2025-04-18 00:00:00'),
(134, 1579, 0, 'Cash', 1, '2025-04-18 00:00:00'),
(136, 1576, 1000, 'Cash', 1, '2025-04-19 00:00:00'),
(137, 1577, 1000, 'Cash', 1, '2025-04-19 00:00:00'),
(138, 1567, 1000, 'Cash', 1, '2025-04-19 00:00:00'),
(139, 1593, 1500, 'Cash', 1, '2025-04-21 00:00:00'),
(140, 1579, 1500, 'Cash', 1, '2025-04-21 00:00:00'),
(141, 1549, 500, 'Cash', 1, '2025-04-21 00:00:00'),
(142, 1565, 1000, 'Cash', 1, '2025-04-21 00:00:00'),
(143, 1578, 1000, 'Online', 1, '2025-04-21 00:00:00'),
(144, 1555, 500, 'Online', 1, '2025-04-21 00:00:00'),
(145, 1597, 1000, 'Online', 1, '2025-04-22 00:00:00'),
(146, 1553, 1000, 'Cash', 1, '2025-04-22 00:00:00'),
(147, 1561, 1000, 'Cash', 1, '2025-04-22 00:00:00'),
(148, 1596, 0, 'Online', 1, '2025-04-22 00:00:00'),
(149, 1595, 0, 'Online', 1, '2025-04-22 00:00:00'),
(157, 1575, 1000, 'Cash', 1, '2025-04-23 00:00:00'),
(158, 1596, 1500, 'Cash', 1, '2025-04-23 00:00:00'),
(172, 1555, 500, 'Cash', 1, '2025-04-23 00:00:00'),
(173, 1604, 0, 'Cash', 1, '2025-04-23 00:00:00'),
(174, 1604, 1500, 'Cash', 1, '2025-04-23 00:00:00'),
(175, 1605, 0, 'Cash', 1, '2025-04-24 00:00:00'),
(177, 1607, 0, 'Cash', 1, '2025-04-24 00:00:00'),
(178, 1608, 0, 'Cash', 1, '2025-04-24 00:00:00'),
(179, 1586, 1000, 'Cash', 1, '2025-04-25 00:00:00'),
(180, 1580, 1500, 'Cash', 1, '2025-04-25 00:00:00'),
(181, 1583, 1500, 'Cash', 1, '2025-04-25 00:00:00'),
(182, 1582, 1500, 'Cash', 1, '2025-04-25 00:00:00'),
(183, 1546, 500, 'Online', 1, '2025-04-26 00:00:00'),
(184, 1607, 1500, 'Cash', 1, '2025-04-26 00:00:00'),
(186, 1530, 500, 'Online', 1, '2025-04-28 00:00:00'),
(188, 1605, 1500, 'Cash', 1, '2025-04-29 00:00:00'),
(189, 1611, 0, 'Cash', 1, '2025-04-30 00:00:00'),
(190, 1545, 500, 'Cash', 1, '2025-05-01 00:00:00'),
(191, 1612, 0, 'Cash', 1, '2025-05-01 00:00:00'),
(192, 1613, 0, 'Cash', 1, '2025-05-01 00:00:00'),
(193, 1560, 500, 'Cash', 1, '2025-05-02 00:00:00'),
(194, 1614, 1500, 'Cash', 1, '2025-05-02 00:00:00'),
(195, 1615, 0, 'Cash', 1, '2025-05-02 00:00:00'),
(196, 1615, 1000, 'Online', 1, '2025-05-02 00:00:00'),
(197, 1568, 500, 'Cash', 1, '2025-05-02 00:00:00'),
(198, 1616, 0, 'Cash', 1, '2025-05-02 00:00:00'),
(199, 1617, 0, 'Cash', 1, '2025-05-02 00:00:00'),
(200, 1608, 1000, 'Online', 1, '2025-05-02 00:00:00'),
(202, 1549, 1000, 'Cash', 1, '2025-05-03 00:00:00'),
(203, 1570, 500, 'Cash', 1, '2025-05-03 00:00:00'),
(204, 1563, 500, 'Online', 1, '2025-05-03 00:00:00'),
(205, 1619, 0, 'Cash', 1, '2025-05-03 00:00:00'),
(206, 1619, 1500, 'Cash', 1, '2025-05-03 00:00:00'),
(207, 1620, 900, 'Cash', 1, '2025-05-03 00:00:00'),
(208, 1621, 1000, 'Cash', 1, '2025-05-03 00:00:00'),
(209, 1623, 1000, 'Online', 1, '2025-05-05 00:00:00'),
(212, 1626, 0, 'Cash', 1, '2025-05-05 00:00:00'),
(213, 1613, 1000, 'Cash', 1, '2025-05-05 00:00:00'),
(214, 1595, 1500, 'Cash', 1, '2025-05-06 00:00:00'),
(215, 1587, 700, 'Cash', 1, '2025-05-06 00:00:00'),
(216, 1613, 500, 'Cash', 1, '2025-05-06 00:00:00'),
(217, 1626, 1500, 'Cash', 1, '2025-05-06 00:00:00'),
(218, 1627, 0, 'Cash', 1, '2025-05-06 00:00:00'),
(219, 1628, 0, 'Cash', 1, '2025-05-06 00:00:00'),
(220, 1629, 0, 'Cash', 1, '2025-05-06 00:00:00'),
(223, 1631, 0, 'Cash', 1, '2025-05-06 00:00:00'),
(224, 1572, 500, 'Cash', 1, '2025-05-07 00:00:00'),
(225, 1611, 1000, 'Cash', 1, '2025-05-07 00:00:00'),
(226, 1632, 1000, 'Cash', 1, '2025-05-07 00:00:00'),
(229, 1635, 0, 'Cash', 1, '2025-05-08 00:00:00'),
(230, 1636, 0, 'Cash', 1, '2025-05-08 00:00:00'),
(231, 1589, 1000, 'Cash', 1, '2025-05-08 00:00:00'),
(232, 1578, 500, 'Cash', 1, '2025-05-08 00:00:00'),
(233, 1561, 500, 'Cash', 1, '2025-05-08 00:00:00'),
(234, 1637, 0, 'Cash', 1, '2025-05-08 00:00:00'),
(235, 1586, 500, 'Cash', 1, '2025-05-08 00:00:00'),
(236, 1637, 1000, 'Online', 1, '2025-05-08 00:00:00'),
(237, 1636, 1500, 'Online', 1, '2025-05-09 00:00:00'),
(238, 1569, 500, 'Cash', 1, '2025-05-09 00:00:00'),
(240, 1639, 1500, 'Cash', 1, '2025-05-09 00:00:00'),
(241, 1640, 1500, 'Cash', 1, '2025-05-09 00:00:00'),
(243, 1641, 0, 'Cash', 1, '2025-05-09 00:00:00'),
(245, 1644, 0, 'Cash', 1, '2025-05-10 00:00:00'),
(246, 1573, 500, 'Cash', 1, '2025-05-10 00:00:00'),
(247, 1574, 500, 'Cash', 1, '2025-05-10 00:00:00'),
(248, 1645, 0, 'Cash', 1, '2025-05-10 00:00:00'),
(249, 1612, 1000, 'Cash', 1, '2025-05-12 00:00:00'),
(250, 1553, 500, 'Cash', 1, '2025-05-12 00:00:00'),
(251, 1628, 1500, 'Cash', 1, '2025-05-12 00:00:00'),
(252, 1646, 0, 'Cash', 1, '2025-05-12 00:00:00'),
(253, 1617, 1000, 'Cash', 1, '2025-05-12 00:00:00'),
(254, 1629, 1500, 'Cash', 1, '2025-05-12 00:00:00'),
(255, 1647, 0, 'Cash', 1, '2025-05-12 00:00:00'),
(256, 1645, 0, 'Cash', 1, '2025-05-12 00:00:00'),
(257, 1555, 500, 'Cash', 1, '2025-05-13 00:00:00'),
(258, 1649, 0, 'Cash', 1, '2025-05-13 00:00:00'),
(259, 1648, 0, 'Cash', 1, '2025-05-13 00:00:00'),
(260, 1616, 500, 'Online', 1, '2025-05-13 00:00:00'),
(261, 1650, 1000, 'Cash', 1, '2025-05-14 00:00:00'),
(262, 1623, 0, 'Cash', 1, '2025-05-14 00:00:00'),
(263, 1615, 500, 'Cash', 1, '2025-05-14 00:00:00'),
(264, 1623, 500, 'Cash', 1, '2025-05-14 00:00:00'),
(265, 1565, 500, 'Cash', 1, '2025-05-14 00:00:00'),
(266, 1651, 0, 'Cash', 1, '2025-05-14 00:00:00'),
(267, 1559, 500, 'Cash', 1, '2025-05-14 00:00:00'),
(268, 1577, 500, 'Cash', 1, '2025-05-14 00:00:00'),
(269, 1646, 0, 'Cash', 1, '2025-05-14 00:00:00'),
(270, 1647, 0, 'Cash', 1, '2025-05-14 00:00:00'),
(271, 1652, 0, 'Cash', 1, '2025-05-14 00:00:00'),
(272, 1653, 2000, 'Cash', 1, '2025-05-15 00:00:00'),
(273, 1631, 1500, 'Cash', 1, '2025-05-15 00:00:00'),
(274, 1654, 0, 'Cash', 1, '2025-05-15 00:00:00'),
(275, 1571, 500, 'Cash', 1, '2025-05-15 00:00:00'),
(276, 1641, 1000, 'Cash', 1, '2025-05-15 00:00:00'),
(277, 1632, 500, 'Cash', 1, '2025-05-15 00:00:00'),
(278, 1655, 1000, 'Cash', 1, '2025-05-15 00:00:00'),
(279, 1656, 1000, 'Cash', 1, '2025-05-15 00:00:00'),
(280, 1627, 1500, 'Cash', 1, '2025-05-16 00:00:00'),
(281, 1657, 0, 'Cash', 1, '2025-05-16 00:00:00'),
(282, 1620, 600, 'Cash', 1, '2025-05-16 00:00:00'),
(283, 1621, 500, 'Cash', 1, '2025-05-16 00:00:00'),
(286, 1660, 0, 'Cash', 1, '2025-05-16 00:00:00'),
(287, 1661, 0, 'Cash', 1, '2025-05-16 00:00:00'),
(289, 1612, 500, 'Cash', 1, '2025-05-17 00:00:00'),
(290, 1611, 500, 'Cash', 1, '2025-05-17 00:00:00'),
(291, 1575, 500, 'Cash', 1, '2025-05-17 00:00:00'),
(292, 1564, 500, 'Cash', 1, '2025-05-17 00:00:00'),
(293, 1652, 1500, 'Cash', 1, '2025-05-17 00:00:00'),
(294, 1662, 0, 'Cash', 1, '2025-05-19 00:00:00'),
(295, 1576, 500, 'Cash', 1, '2025-05-19 00:00:00'),
(296, 1663, 900, 'Cash', 1, '2025-05-19 00:00:00'),
(299, 1650, 500, 'Online', 1, '2025-05-20 00:00:00'),
(300, 1651, 1000, 'Cash', 1, '2025-05-21 00:00:00'),
(301, 1664, 500, 'Online', 1, '2025-05-23 00:00:00'),
(302, 1665, 1000, 'Cash', 1, '2025-05-23 00:00:00'),
(303, 1616, 1000, 'Cash', 1, '2025-05-23 00:00:00'),
(304, 1645, 1000, 'Cash', 1, '2025-05-23 00:00:00'),
(305, 1597, 1000, 'Cash', 1, '2025-05-23 00:00:00'),
(306, 1558, 500, 'Cash', 1, '2025-05-23 00:00:00'),
(308, 1559, 500, 'Cash', 1, '2025-05-23 00:00:00'),
(309, 1558, 500, 'Cash', 1, '2025-05-23 00:00:00'),
(312, 1669, 0, 'Cash', 1, '2025-05-24 00:00:00'),
(313, 1670, 0, 'Cash', 1, '2025-05-24 00:00:00'),
(314, 1644, 1500, 'Online', 1, '2025-05-24 00:00:00'),
(315, 1671, 800, 'Cash', 1, '2025-05-24 00:00:00'),
(317, 1673, 0, 'Cash', 1, '2025-05-24 00:00:00'),
(318, 1674, 0, 'Cash', 1, '2025-05-24 00:00:00'),
(319, 1675, 0, 'Online', 1, '2025-05-26 00:00:00'),
(320, 1644, 1000, 'Online', 1, '2025-05-26 00:00:00'),
(322, 1649, 1000, 'Cash', 1, '2025-05-28 00:00:00'),
(324, 1669, 800, 'Online', 1, '2025-05-30 00:00:00'),
(325, 1657, 0, 'Cash', 1, '2025-06-02 00:00:00'),
(326, 1637, 500, 'Cash', 1, '2025-06-05 00:00:00'),
(327, 1678, 800, 'Online', 1, '2025-06-05 00:00:00'),
(328, 1554, 500, 'Cash', 1, '2025-06-06 00:00:00'),
(329, 1679, 0, 'Cash', 1, '2025-06-06 00:00:00'),
(330, 1680, 1000, 'Cash', 1, '2025-06-07 00:00:00'),
(331, 1651, 500, 'Cash', 1, '2025-06-07 00:00:00'),
(333, 1682, 500, 'Cash', 1, '2025-06-07 00:00:00'),
(334, 1683, 0, 'Cash', 1, '2025-06-07 00:00:00'),
(335, 1587, 800, 'Online', 1, '2025-06-09 00:00:00'),
(336, 1617, 500, 'Cash', 1, '2025-06-10 00:00:00'),
(337, 1684, 0, 'Cash', 1, '2025-06-11 00:00:00'),
(338, 1685, 0, 'Cash', 1, '2025-06-11 00:00:00'),
(339, 1686, 0, 'Cash', 1, '2025-06-11 00:00:00'),
(340, 1687, 0, 'Cash', 1, '2025-06-11 00:00:00'),
(341, 1688, 0, 'Cash', 1, '2025-06-11 00:00:00'),
(342, 1689, 0, 'Cash', 1, '2025-06-11 00:00:00'),
(343, 1664, 500, 'Cash', 1, '2025-06-11 00:00:00'),
(344, 1690, 1500, 'Online', 1, '2025-06-13 00:00:00'),
(345, 1691, 1000, 'Cash', 1, '2025-06-13 00:00:00'),
(346, 1692, 1000, 'Cash', 1, '2025-06-13 00:00:00'),
(347, 1679, 1000, 'Cash', 1, '2025-06-13 00:00:00'),
(348, 1693, 1500, 'Online', 1, '2025-06-13 00:00:00'),
(349, 1693, 0, 'Online', 1, '2025-06-12 00:00:00'),
(350, 1694, 500, 'Cash', 1, '2025-06-13 00:00:00'),
(351, 1690, 0, 'Cash', 1, '2025-06-13 00:00:00'),
(352, 1567, 500, 'Cash', 1, '2025-06-13 00:00:00'),
(353, 1695, 0, 'Cash', 1, '2025-06-13 00:00:00'),
(354, 1696, 1000, 'Cash', 1, '2025-06-14 00:00:00'),
(355, 1674, 1000, 'Cash', 1, '2025-06-16 00:00:00'),
(356, 1662, 1000, 'Cash', 1, '2025-06-16 00:00:00'),
(357, 1697, 1000, 'Cash', 1, '2025-06-16 00:00:00'),
(358, 1698, 0, 'Cash', 1, '2025-06-17 00:00:00'),
(359, 1699, 0, 'Cash', 1, '2025-06-17 00:00:00'),
(360, 1700, 500, 'Cash', 1, '2025-06-17 00:00:00'),
(361, 1663, 600, 'Cash', 1, '2025-06-17 00:00:00'),
(362, 1649, 500, 'Cash', 1, '2025-06-17 00:00:00'),
(363, 1701, 2000, 'Online', 1, '2025-06-17 00:00:00'),
(364, 1702, 0, 'Cash', 1, '2025-06-18 00:00:00'),
(365, 1703, 500, 'Cash', 1, '2025-06-18 00:00:00'),
(366, 1704, 2000, 'Online', 1, '2025-06-18 00:00:00'),
(367, 1705, 0, 'Cash', 1, '2025-06-18 00:00:00'),
(368, 1706, 0, 'Cash', 1, '2025-06-18 00:00:00'),
(369, 1707, 0, 'Cash', 1, '2025-06-19 00:00:00'),
(370, 1708, 0, 'Cash', 1, '2025-06-19 00:00:00'),
(371, 1707, 0, 'Cash', 1, '2025-06-19 00:00:00'),
(372, 1684, 1000, 'Cash', 1, '2025-06-20 00:00:00'),
(373, 1709, 0, 'Cash', 1, '2025-06-21 00:00:00'),
(375, 1685, 1000, 'Online', 1, '2025-06-23 00:00:00'),
(376, 1709, 1500, 'Online', 1, '2025-06-23 00:00:00'),
(377, 1711, 0, 'Cash', 1, '2025-06-23 00:00:00'),
(378, 1712, 0, 'Cash', 1, '2025-06-23 00:00:00'),
(379, 1699, 1000, 'Cash', 1, '2025-06-23 00:00:00'),
(380, 1706, 1000, 'Cash', 1, '2025-06-23 00:00:00'),
(381, 1700, 500, 'Online', 1, '2025-06-23 00:00:00'),
(382, 1695, 1000, 'Cash', 1, '2025-06-24 00:00:00'),
(383, 1705, 1000, 'Cash', 1, '2025-06-24 00:00:00'),
(384, 1698, 1000, 'Cash', 1, '2025-06-24 00:00:00'),
(385, 1714, 0, 'Cash', 1, '2025-06-24 00:00:00'),
(386, 1715, 0, 'Cash', 1, '2025-06-24 00:00:00'),
(387, 1716, 0, 'Cash', 1, '2025-06-25 00:00:00'),
(388, 1717, 1000, 'Cash', 1, '2025-06-25 00:00:00'),
(389, 1718, 500, 'Cash', 1, '2025-06-25 00:00:00'),
(390, 1719, 0, 'Online', 1, '2025-06-26 00:00:00'),
(391, 1714, 500, 'Cash', 1, '2025-06-26 00:00:00'),
(392, 1703, 1000, 'Online', 1, '2025-06-26 00:00:00'),
(393, 1708, 1000, 'Cash', 1, '2025-06-26 00:00:00'),
(394, 1689, 1000, 'Cash', 1, '2025-06-27 00:00:00'),
(395, 1720, 0, 'Cash', 1, '2025-06-27 00:00:00'),
(396, 1721, 0, 'Cash', 1, '2025-06-27 00:00:00'),
(397, 1711, 1500, 'Cash', 1, '2025-06-30 00:00:00'),
(398, 1712, 1500, 'Cash', 1, '2025-06-30 00:00:00'),
(399, 1722, 0, 'Cash', 1, '2025-06-30 00:00:00'),
(400, 1723, 0, 'Cash', 1, '2025-06-30 00:00:00'),
(401, 1722, 0, 'Cash', 1, '2025-06-30 00:00:00'),
(402, 1723, 0, 'Cash', 1, '2025-06-30 00:00:00'),
(403, 1724, 0, 'Cash', 1, '2025-06-30 00:00:00'),
(404, 1715, 500, 'Cash', 1, '2025-07-01 00:00:00'),
(405, 1714, 500, 'Cash', 1, '2025-07-01 00:00:00'),
(406, 1725, 0, 'Cash', 1, '2025-07-01 00:00:00'),
(407, 1682, 500, 'Cash', 1, '2025-07-01 00:00:00'),
(408, 1702, 1000, 'Cash', 1, '2025-07-02 00:00:00'),
(409, 1683, 1000, 'Cash', 1, '2025-07-02 00:00:00'),
(410, 1726, 500, 'Cash', 1, '2025-07-02 00:00:00'),
(411, 1714, 500, 'Cash', 1, '2025-07-02 00:00:00'),
(412, 1727, 0, 'Cash', 1, '2025-07-02 00:00:00'),
(413, 1728, 0, 'Cash', 1, '2025-07-02 00:00:00'),
(414, 1729, 500, 'Online', 1, '2025-07-02 00:00:00'),
(415, 1730, 0, 'Cash', 1, '2025-07-02 00:00:00'),
(416, 1732, 0, 'Cash', 1, '2025-07-02 00:00:00'),
(417, 1731, 400, 'Cash', 1, '2025-07-02 00:00:00'),
(418, 1731, 100, 'Cash', 1, '2025-07-02 00:00:00'),
(419, 1733, 0, 'Cash', 1, '2025-07-02 00:00:00'),
(420, 1734, 0, 'Cash', 1, '2025-07-04 00:00:00'),
(421, 1735, 0, 'Cash', 1, '2025-07-04 00:00:00'),
(422, 1732, 500, 'Cash', 1, '2025-07-04 00:00:00'),
(423, 1736, 0, 'Cash', 1, '2025-07-05 00:00:00'),
(424, 1737, 0, 'Cash', 1, '2025-07-08 00:00:00'),
(425, 1738, 0, 'Cash', 1, '2025-07-08 00:00:00'),
(426, 1739, 0, 'Cash', 1, '2025-07-08 00:00:00'),
(427, 1740, 0, 'Online', 1, '2025-07-08 00:00:00'),
(428, 1741, 0, 'Cash', 1, '2025-07-08 00:00:00'),
(429, 1742, 0, 'Online', 1, '2025-07-08 00:00:00'),
(430, 1743, 0, 'Online', 1, '2025-07-08 00:00:00'),
(431, 1715, 500, 'Cash', 1, '2025-07-09 00:00:00'),
(432, 1744, 1500, 'Cash', 1, '2025-07-09 00:00:00'),
(433, 1745, 500, 'Cash', 1, '2025-07-09 00:00:00'),
(434, 1746, 500, 'Cash', 1, '2025-07-09 00:00:00'),
(435, 1747, 0, 'Online', 1, '2025-07-09 00:00:00'),
(436, 1748, 0, 'Cash', 1, '2025-07-09 00:00:00'),
(437, 1734, 500, 'Online', 1, '2025-07-09 00:00:00'),
(438, 1691, 500, 'Cash', 1, '2025-07-09 00:00:00'),
(439, 1749, 1000, 'Cash', 1, '2025-07-09 00:00:00'),
(440, 1657, 1500, 'Cash', 1, '2025-07-09 00:00:00'),
(441, 1750, 500, 'Cash', 1, '2025-07-10 00:00:00'),
(442, 1751, 500, 'Cash', 1, '2025-07-10 00:00:00'),
(443, 1662, 500, 'Cash', 1, '2025-07-10 00:00:00'),
(444, 1674, 500, 'Cash', 1, '2025-07-10 00:00:00'),
(445, 1734, 0, 'Cash', 1, '2025-07-10 00:00:00'),
(446, 1752, 0, 'Cash', 1, '2025-07-10 00:00:00'),
(447, 1720, 1500, 'Cash', 1, '2025-07-10 00:00:00'),
(448, 1721, 1300, 'Cash', 1, '2025-07-10 00:00:00'),
(449, 1724, 1300, 'Cash', 1, '2025-07-10 00:00:00'),
(450, 1753, 2000, 'Cash', 1, '2025-07-10 00:00:00'),
(451, 1754, 0, 'Cash', 1, '2025-07-10 00:00:00'),
(452, 1755, 0, 'Cash', 1, '2025-07-10 00:00:00'),
(453, 1728, 0, 'Cash', 1, '2025-07-10 00:00:00'),
(454, 1727, 0, 'Cash', 1, '2025-07-10 00:00:00'),
(455, 1719, 0, 'Cash', 1, '2025-07-10 00:00:00'),
(456, 1726, 0, 'Cash', 1, '2025-07-10 00:00:00'),
(457, 1724, 0, 'Cash', 1, '2025-07-10 00:00:00'),
(458, 1724, 0, 'Cash', 1, '2025-07-10 00:00:00'),
(459, 1721, 0, 'Cash', 1, '2025-07-10 00:00:00'),
(460, 1720, 0, 'Cash', 1, '2025-07-10 00:00:00'),
(461, 1751, 0, 'Cash', 1, '2025-07-10 00:00:00'),
(462, 1751, 0, 'Cash', 1, '2025-07-10 00:00:00'),
(463, 1750, 0, 'Cash', 1, '2025-07-10 00:00:00'),
(464, 1680, 500, 'Cash', 1, '2025-07-11 00:00:00'),
(465, 1686, 1000, 'Online', 1, '2025-07-11 00:00:00'),
(466, 1756, 500, 'Cash', 1, '2025-07-11 00:00:00'),
(467, 1697, 500, 'Cash', 1, '2025-07-11 00:00:00'),
(468, 1757, 500, 'Online', 1, '2025-07-11 00:00:00'),
(469, 1682, 500, 'Cash', 1, '2025-07-11 00:00:00'),
(470, 1705, 500, 'Cash', 1, '2025-07-12 00:00:00'),
(471, 1699, 500, 'Cash', 1, '2025-07-12 00:00:00'),
(472, 1715, 500, 'Cash', 1, '2025-07-12 00:00:00'),
(473, 1758, 1000, 'Cash', 1, '2025-07-12 00:00:00'),
(474, 1759, 500, 'Cash', 1, '2025-07-12 00:00:00'),
(475, 1708, 500, 'Online', 1, '2025-07-14 00:00:00'),
(476, 1707, 1000, 'Online', 1, '2025-07-14 00:00:00'),
(477, 1731, 1000, 'Cash', 1, '2025-07-14 00:00:00'),
(478, 1719, 1500, 'Online', 1, '2025-07-14 00:00:00'),
(479, 1692, 500, 'Cash', 1, '2025-07-15 00:00:00'),
(480, 1728, 1500, 'Cash', 1, '2025-07-15 00:00:00'),
(481, 1683, 500, 'Cash', 1, '2025-07-16 00:00:00'),
(482, 1702, 500, 'Cash', 1, '2025-07-16 00:00:00'),
(483, 1717, 500, 'Cash', 1, '2025-07-16 00:00:00'),
(484, 1698, 500, 'Cash', 1, '2025-07-16 00:00:00'),
(485, 1760, 0, 'Cash', 1, '2025-07-16 00:00:00'),
(486, 1685, 500, 'Online', 1, '2025-07-17 00:00:00'),
(487, 1700, 500, 'Cash', 1, '2025-07-17 00:00:00'),
(488, 1740, 1000, 'Cash', 1, '2025-07-17 00:00:00'),
(489, 1723, 1500, 'Cash', 1, '2025-07-17 00:00:00'),
(490, 1733, 1500, 'Cash', 1, '2025-07-17 00:00:00'),
(491, 1740, 500, 'Online', 1, '2025-07-17 00:00:00'),
(492, 1729, 1000, 'Online', 1, '2025-07-17 00:00:00'),
(493, 1734, 1000, 'Online', 1, '2025-07-18 00:00:00'),
(494, 1752, 1000, 'Cash', 1, '2025-07-18 00:00:00'),
(495, 1751, 1000, 'Cash', 1, '2025-07-18 00:00:00'),
(496, 1750, 1000, 'Cash', 1, '2025-07-18 00:00:00'),
(497, 1726, 1000, 'Online', 1, '2025-07-18 00:00:00'),
(498, 1736, 1500, 'Online', 1, '2025-07-19 00:00:00'),
(499, 1722, 1500, 'Cash', 1, '2025-07-19 00:00:00'),
(500, 1755, 1500, 'Cash', 1, '2025-07-19 00:00:00'),
(501, 1761, 500, 'Cash', 1, '2025-07-21 00:00:00'),
(502, 1748, 1500, 'Cash', 1, '2025-07-21 00:00:00'),
(503, 1749, 1000, 'Online', 1, '2025-07-21 00:00:00'),
(504, 1695, 500, 'Online', 1, '2025-07-21 00:00:00'),
(505, 1742, 1500, 'Cash', 1, '2025-07-21 00:00:00'),
(506, 1707, 1000, 'Cash', 1, '2025-07-21 00:00:00'),
(507, 1754, 1500, 'Cash', 1, '2025-07-21 00:00:00'),
(508, 1738, 2000, 'Online', 1, '2025-07-21 00:00:00'),
(509, 1739, 2000, 'Online', 1, '2025-07-21 00:00:00'),
(510, 1737, 2000, 'Online', 1, '2025-07-21 00:00:00'),
(511, 1683, 0, 'Cash', 1, '2025-07-22 00:00:00'),
(512, 1703, 0, 'Cash', 1, '2025-07-22 00:00:00'),
(513, 1702, 0, 'Cash', 1, '2025-07-22 00:00:00'),
(514, 1727, 1500, 'Cash', 1, '2025-07-22 00:00:00'),
(515, 1760, 2000, 'Cash', 1, '2025-07-22 00:00:00');

-- --------------------------------------------------------

--
-- Table structure for table `payment`
--

CREATE TABLE `payment` (
  `id` int(11) NOT NULL,
  `enrollmentid` varchar(500) DEFAULT NULL,
  `candidate_id` int(11) DEFAULT NULL,
  `discount` decimal(10,2) DEFAULT NULL,
  `paid` decimal(10,2) DEFAULT NULL,
  `balance` decimal(10,2) DEFAULT NULL,
  `total_fee` decimal(10,2) DEFAULT NULL,
  `status` enum('Unpaid','Pending','Paid') NOT NULL,
  `added_type` int(11) DEFAULT NULL,
  `created_at` timestamp NOT NULL DEFAULT current_timestamp()
) ENGINE=InnoDB DEFAULT CHARSET=utf8mb4 COLLATE=utf8mb4_unicode_ci;

--
-- Dumping data for table `payment`
--

INSERT INTO `payment` (`id`, `enrollmentid`, `candidate_id`, `discount`, `paid`, `balance`, `total_fee`, `status`, `added_type`, `created_at`) VALUES
(41, 'SPHOA2501', 1530, 0.00, 1500.00, 0.00, 1500.00, 'Paid', 1, '2025-04-28 00:00:00'),
(42, 'SPHOA2502', 1531, 0.00, 1500.00, 0.00, 1500.00, 'Paid', 1, '2025-04-01 09:57:19'),
(43, 'SPHOA2503', 1532, 0.00, 1500.00, 0.00, 1500.00, 'Unpaid', 1, '2025-03-27 11:41:21'),
(44, 'SPHOA2504', 1533, 0.00, 1000.00, 500.00, 1500.00, 'Unpaid', 1, '2025-03-27 11:50:27'),
(45, 'SPHOA2505', 1534, 0.00, 1500.00, 0.00, 1500.00, 'Paid', 1, '2025-04-04 00:00:00'),
(46, 'SPHOA2506', 1535, 0.00, 1500.00, 0.00, 1500.00, 'Unpaid', 1, '2025-03-31 12:48:54'),
(47, 'SPHOA2507', 1536, 0.00, 1000.00, 500.00, 1500.00, 'Unpaid', 1, '2025-04-01 10:15:13'),
(48, 'SPHOA2508', 1537, 0.00, 1500.00, 0.00, 1500.00, 'Unpaid', 1, '2025-04-01 10:36:43'),
(49, 'SPHOA2509', 1538, 0.00, 1500.00, 0.00, 1500.00, 'Paid', 1, '2025-04-11 00:00:00'),
(50, 'SPHOA2510', 1539, 0.00, 1500.00, 0.00, 1500.00, 'Unpaid', 1, '2025-04-01 11:52:54'),
(51, 'SPHOA2511', 1540, 0.00, 1000.00, 500.00, 1500.00, 'Unpaid', 1, '2025-04-01 12:24:10'),
(52, 'SPHOA2512', 1541, 0.00, 1000.00, 500.00, 1500.00, 'Unpaid', 1, '2025-04-03 11:55:26'),
(53, 'SPHOA2513', 1542, 0.00, 1500.00, 0.00, 1500.00, 'Unpaid', 1, '2025-04-03 14:50:26'),
(55, 'SPHOA2515', 1544, 0.00, 1500.00, 0.00, 1500.00, 'Unpaid', 1, '2025-04-04 00:00:00'),
(56, 'SPHOA2516', 1545, 0.00, 1500.00, 0.00, 1500.00, 'Paid', 1, '2025-05-01 00:00:00'),
(57, 'SPHOA2517', 1546, 0.00, 1500.00, 0.00, 1500.00, 'Paid', 1, '2025-04-26 00:00:00'),
(59, 'SPHOA2521', 1551, 0.00, 1000.00, 500.00, 1500.00, 'Unpaid', 1, '2025-04-09 00:00:00'),
(60, 'SPHOA2524', 1554, 0.00, 1500.00, 0.00, 1500.00, 'Paid', 1, '2025-06-06 00:00:00'),
(61, 'SPHOA2526', 1556, 0.00, 1500.00, 0.00, 1500.00, 'Paid', 1, '2025-04-12 00:00:00'),
(62, 'SPHOA2527', 1557, 0.00, 1500.00, 0.00, 1500.00, 'Unpaid', 1, '2025-04-10 00:00:00'),
(63, 'SPHOA2528', 1558, 0.00, 2000.00, 0.00, 2000.00, 'Paid', 1, '2025-05-23 00:00:00'),
(64, 'SPHOA2529', 1559, 0.00, 2000.00, 0.00, 2000.00, 'Paid', 1, '2025-05-23 00:00:00'),
(65, 'SPHOA2538', 1568, 0.00, 1500.00, 0.00, 1500.00, 'Paid', 1, '2025-05-02 00:00:00'),
(66, 'SPHOA2539', 1569, 0.00, 1500.00, 0.00, 1500.00, 'Paid', 1, '2025-05-09 00:00:00'),
(67, 'SPHOA2540', 1570, 0.00, 1500.00, 0.00, 1500.00, 'Paid', 1, '2025-05-03 00:00:00'),
(68, 'SPHOA2541', 1571, 0.00, 1500.00, 0.00, 1500.00, 'Paid', 1, '2025-05-15 00:00:00'),
(69, 'SPHOA2543', 1573, 0.00, 1500.00, 0.00, 1500.00, 'Paid', 1, '2025-05-10 00:00:00'),
(70, 'SPHOA2544', 1574, 0.00, 1500.00, 0.00, 1500.00, 'Paid', 1, '2025-05-10 00:00:00'),
(71, 'SPHOA2551', 1581, 0.00, 1000.00, 1000.00, 2000.00, 'Unpaid', 1, '2025-04-15 00:00:00'),
(72, 'SPHOA2554', 1584, 0.00, 1500.00, 0.00, 1500.00, 'Unpaid', 1, '2025-04-16 00:00:00'),
(73, 'SPHOA2555', 1585, 0.00, 1500.00, 0.00, 1500.00, 'Paid', 1, '2025-04-16 00:00:00'),
(74, 'SPHOA2542', 1572, 0.00, 1500.00, 0.00, 1500.00, 'Paid', 1, '2025-05-07 00:00:00'),
(75, 'SPHOA2533', 1563, 0.00, 1500.00, 0.00, 1500.00, 'Paid', 1, '2025-05-03 00:00:00'),
(77, 'SPHOA2530', 1560, 0.00, 1500.00, 0.00, 1500.00, 'Paid', 1, '2025-05-02 00:00:00'),
(78, 'SPHOA2534', 1564, 0.00, 1500.00, 0.00, 1500.00, 'Paid', 1, '2025-05-17 00:00:00'),
(79, 'SPHOA2552', 1582, 0.00, 1500.00, 0.00, 1500.00, 'Paid', 1, '2025-04-25 00:00:00'),
(81, 'SPHOA2559', 1589, 0.00, 1000.00, 500.00, 1500.00, 'Pending', 1, '2025-05-08 00:00:00'),
(83, 'SPHOA2557', 1587, 0.00, 1500.00, 0.00, 1500.00, 'Paid', 1, '2025-06-09 00:00:00'),
(84, 'SPHOA2556', 1586, 0.00, 1500.00, 0.00, 1500.00, 'Paid', 1, '2025-05-08 00:00:00'),
(85, 'SPHOA2553', 1583, 0.00, 1500.00, 0.00, 1500.00, 'Paid', 1, '2025-04-25 00:00:00'),
(87, 'SPHOA2519', 1549, 0.00, 1500.00, 0.00, 1500.00, 'Paid', 1, '2025-05-03 00:00:00'),
(90, 'SPHOA2523', 1553, 0.00, 1500.00, 0.00, 1500.00, 'Paid', 1, '2025-05-12 00:00:00'),
(91, 'SPHOA2525', 1555, 0.00, 1500.00, 0.00, 1500.00, 'Paid', 1, '2025-05-13 00:00:00'),
(92, 'SPHOA2531', 1561, 0.00, 1500.00, 0.00, 1500.00, 'Paid', 1, '2025-05-08 00:00:00'),
(94, 'SPHOA2535', 1565, 0.00, 1500.00, 0.00, 1500.00, 'Paid', 1, '2025-05-14 00:00:00'),
(96, 'SPHOA2537', 1567, 0.00, 1500.00, 0.00, 1500.00, 'Paid', 1, '2025-06-13 00:00:00'),
(97, 'SPHOA2545', 1575, 0.00, 1500.00, 0.00, 1500.00, 'Paid', 1, '2025-05-17 00:00:00'),
(98, 'SPHOA2550', 1580, 0.00, 1500.00, 0.00, 1500.00, 'Paid', 1, '2025-04-25 00:00:00'),
(99, 'SPHOA2546', 1576, 1000.00, 1500.00, 0.00, 1500.00, 'Paid', 1, '2025-05-19 00:00:00'),
(100, 'SPHOA2547', 1577, 0.00, 1500.00, 0.00, 1500.00, 'Paid', 1, '2025-05-14 00:00:00'),
(101, 'SPHOA2548', 1578, 0.00, 1500.00, 0.00, 1500.00, 'Paid', 1, '2025-05-08 00:00:00'),
(102, 'SPHOA2549', 1579, 0.00, 1500.00, 0.00, 1500.00, 'Paid', 1, '2025-04-21 00:00:00'),
(104, 'SPHOA2561', 1593, 0.00, 1500.00, 0.00, 1500.00, 'Unpaid', 1, '2025-04-21 00:00:00'),
(105, 'SPHOA2564', 1597, 0.00, 2000.00, 0.00, 2000.00, 'Paid', 1, '2025-05-23 00:00:00'),
(106, 'SPHOA2563', 1596, 0.00, 1500.00, 0.00, 1500.00, 'Paid', 1, '2025-04-23 00:00:00'),
(107, 'SPHOA2562', 1595, 0.00, 1500.00, 0.00, 1500.00, 'Paid', 1, '2025-05-06 00:00:00'),
(114, 'SPHOA2565', 1604, 0.00, 1500.00, 0.00, 1500.00, 'Paid', 1, '2025-04-23 00:00:00'),
(115, 'SPHOA2566', 1605, 0.00, 1500.00, 0.00, 1500.00, 'Paid', 1, '2025-04-29 00:00:00'),
(117, 'SPHOA2568', 1607, 0.00, 1500.00, 0.00, 1500.00, 'Paid', 1, '2025-04-26 00:00:00'),
(118, 'SPHOA2569', 1608, 0.00, 1000.00, 500.00, 1500.00, 'Pending', 1, '2025-05-02 00:00:00'),
(121, 'SPHOA2572', 1611, 0.00, 1500.00, 0.00, 1500.00, 'Paid', 1, '2025-05-17 00:00:00'),
(122, 'SPHOA2573', 1612, 0.00, 1500.00, 0.00, 1500.00, 'Paid', 1, '2025-05-17 00:00:00'),
(123, 'SPHOA2574', 1613, 0.00, 1500.00, 0.00, 1500.00, 'Paid', 1, '2025-05-06 00:00:00'),
(124, 'SPHOA2575', 1614, 0.00, 1500.00, 0.00, 1500.00, 'Unpaid', 1, '2025-05-02 00:00:00'),
(125, 'SPHOA2576', 1615, 0.00, 1500.00, 0.00, 1500.00, 'Paid', 1, '2025-05-14 00:00:00'),
(126, 'SPHOA2577', 1616, 0.00, 1500.00, 0.00, 1500.00, 'Paid', 1, '2025-05-23 00:00:00'),
(127, 'SPHOA2578', 1617, 0.00, 1500.00, 0.00, 1500.00, 'Paid', 1, '2025-06-10 00:00:00'),
(129, 'SPHOA2580', 1619, 0.00, 1500.00, 0.00, 1500.00, 'Paid', 1, '2025-05-03 00:00:00'),
(130, 'SPHOA2581', 1620, 0.00, 1500.00, 0.00, 1500.00, 'Paid', 1, '2025-05-16 00:00:00'),
(131, 'SPHOA2582', 1621, 0.00, 1500.00, 0.00, 1500.00, 'Paid', 1, '2025-05-16 00:00:00'),
(132, 'SPHOA2584', 1623, 0.00, 1500.00, 0.00, 1500.00, 'Paid', 1, '2025-05-14 00:00:00'),
(135, 'SPHOA2587', 1626, 0.00, 1500.00, 0.00, 1500.00, 'Paid', 1, '2025-05-06 00:00:00'),
(136, 'SPHOA2588', 1627, 0.00, 1500.00, 0.00, 1500.00, 'Paid', 1, '2025-05-16 00:00:00'),
(137, 'SPHOA2589', 1628, 0.00, 1500.00, 0.00, 1500.00, 'Paid', 1, '2025-05-12 00:00:00'),
(138, 'SPHOA2590', 1629, 0.00, 1500.00, 0.00, 1500.00, 'Paid', 1, '2025-05-12 00:00:00'),
(141, 'SPHOA2592', 1631, 0.00, 1500.00, 0.00, 1500.00, 'Paid', 1, '2025-05-15 00:00:00'),
(142, 'SPHOA2593', 1632, 0.00, 1500.00, 0.00, 1500.00, 'Paid', 1, '2025-05-15 00:00:00'),
(145, 'SPHOA2595', 1635, 0.00, 0.00, 1500.00, 1500.00, 'Unpaid', 1, '2025-05-08 00:00:00'),
(146, 'SPHOA2596', 1636, 0.00, 1500.00, 0.00, 1500.00, 'Paid', 1, '2025-05-09 00:00:00'),
(147, 'SPHOA2597', 1637, 0.00, 1500.00, 0.00, 1500.00, 'Paid', 1, '2025-06-05 00:00:00'),
(149, 'SPHOA2599', 1639, 0.00, 1500.00, 0.00, 1500.00, 'Unpaid', 1, '2025-05-09 00:00:00'),
(150, 'SPHOA2600', 1640, 0.00, 1500.00, 0.00, 1500.00, 'Unpaid', 1, '2025-05-09 00:00:00'),
(151, 'SPHOA2601', 1641, 0.00, 1000.00, 500.00, 1500.00, 'Pending', 1, '2025-05-15 00:00:00'),
(153, 'SPHOA2604', 1644, 0.00, 2500.00, 0.00, 1500.00, 'Pending', 1, '2025-05-26 00:00:00'),
(154, 'SPHOA2605', 1645, 0.00, 1000.00, 500.00, 1500.00, 'Pending', 1, '2025-05-23 00:00:00'),
(155, 'SPHOA2606', 1646, 0.00, 0.00, 1500.00, 1500.00, 'Pending', 1, '2025-05-14 00:00:00'),
(156, 'SPHOA2607', 1647, 0.00, 0.00, 1500.00, 1500.00, 'Pending', 1, '2025-05-14 00:00:00'),
(157, 'SPHOA2609', 1649, 0.00, 1500.00, 0.00, 1500.00, 'Paid', 1, '2025-06-17 00:00:00'),
(158, 'SPHOA2608', 1648, 0.00, 0.00, 1500.00, 1500.00, 'Unpaid', 1, '2025-05-13 00:00:00'),
(159, 'SPHOA2610', 1650, 0.00, 1500.00, 0.00, 1500.00, 'Paid', 1, '2025-05-20 00:00:00'),
(160, 'SPHOA2611', 1651, 0.00, 1500.00, 0.00, 1500.00, 'Paid', 1, '2025-06-07 00:00:00'),
(161, 'SPHOA2612', 1652, 0.00, 1500.00, 0.00, 1500.00, 'Paid', 1, '2025-05-17 00:00:00'),
(162, 'SPHOA2613', 1653, 0.00, 2000.00, 0.00, 2000.00, 'Unpaid', 1, '2025-05-15 00:00:00'),
(163, 'SPHOA2614', 1654, 0.00, 0.00, 1500.00, 1500.00, 'Unpaid', 1, '2025-05-15 00:00:00'),
(164, 'SPHOA2615', 1655, 0.00, 1000.00, 500.00, 1500.00, 'Unpaid', 1, '2025-05-15 00:00:00'),
(165, 'SPHOA2616', 1656, 0.00, 1000.00, 500.00, 1500.00, 'Unpaid', 1, '2025-05-15 00:00:00'),
(166, 'SPHOA2617', 1657, 0.00, 1500.00, 0.00, 1500.00, 'Paid', 1, '2025-07-09 00:00:00'),
(169, 'SPHOA2618', 1660, 0.00, 0.00, 1500.00, 1500.00, 'Unpaid', 1, '2025-05-16 00:00:00'),
(170, 'SPHOA2619', 1661, 0.00, 0.00, 1500.00, 1500.00, 'Unpaid', 1, '2025-05-16 00:00:00'),
(172, 'SPHOA2620', 1662, 0.00, 1500.00, 0.00, 1500.00, 'Paid', 1, '2025-07-10 00:00:00'),
(173, 'SPHOA2621', 1663, 0.00, 1500.00, 0.00, 1500.00, 'Paid', 1, '2025-06-17 00:00:00'),
(174, 'SPHOA2622', 1664, 0.00, 1000.00, 500.00, 1500.00, 'Pending', 1, '2025-06-11 00:00:00'),
(175, 'SPHOA2623', 1665, 0.00, 1000.00, 1000.00, 2000.00, 'Unpaid', 1, '2025-05-23 00:00:00'),
(179, 'SPHOA2624', 1669, 0.00, 800.00, 0.00, 800.00, 'Paid', 1, '2025-05-30 00:00:00'),
(180, 'SPHOA2625', 1670, 0.00, 0.00, 800.00, 800.00, 'Unpaid', 1, '2025-05-24 00:00:00'),
(181, 'SPHOA2626', 1671, 0.00, 800.00, 0.00, 800.00, 'Unpaid', 1, '2025-05-24 00:00:00'),
(183, 'SPHOA2628', 1673, 0.00, 0.00, 1500.00, 1500.00, 'Unpaid', 1, '2025-05-24 00:00:00'),
(184, 'SPHOA2629', 1674, 0.00, 1500.00, 0.00, 1500.00, 'Paid', 1, '2025-07-10 00:00:00'),
(185, 'SPHOA2630', 1675, 0.00, 0.00, 2000.00, 2000.00, 'Unpaid', 1, '2025-05-26 00:00:00'),
(188, 'SPHOA2633', 1678, 0.00, 800.00, 0.00, 800.00, 'Unpaid', 1, '2025-06-05 00:00:00'),
(189, 'SPHOA2634', 1679, 0.00, 1000.00, 500.00, 1500.00, 'Pending', 1, '2025-06-13 00:00:00'),
(190, 'SPHOA2635', 1680, 0.00, 1500.00, 0.00, 1500.00, 'Paid', 1, '2025-07-11 00:00:00'),
(192, 'SPHOA2637', 1682, 0.00, 1500.00, 0.00, 1500.00, 'Paid', 1, '2025-07-11 00:00:00'),
(193, 'SPHOA2638', 1683, 0.00, 1500.00, 0.00, 1500.00, 'Paid', 1, '2025-07-22 00:00:00'),
(194, 'SPHOA2639', 1684, 0.00, 1000.00, 500.00, 1500.00, 'Pending', 1, '2025-06-20 00:00:00'),
(195, 'SPHOA2640', 1685, 0.00, 1500.00, 0.00, 1500.00, 'Paid', 1, '2025-07-17 00:00:00'),
(196, 'SPHOA2641', 1686, 0.00, 1000.00, 500.00, 1500.00, 'Pending', 1, '2025-07-11 00:00:00'),
(197, 'SPHOA2642', 1687, 0.00, 0.00, 1500.00, 1500.00, 'Unpaid', 1, '2025-06-11 00:00:00'),
(198, 'SPHOA2643', 1688, 0.00, 0.00, 1500.00, 1500.00, 'Unpaid', 1, '2025-06-11 00:00:00'),
(199, 'SPHOA2644', 1689, 0.00, 1000.00, 500.00, 1500.00, 'Pending', 1, '2025-06-27 00:00:00'),
(200, 'SPHOA2645', 1690, 0.00, 1500.00, 0.00, 1500.00, 'Paid', 1, '2025-06-13 00:00:00'),
(201, 'SPHOA2646', 1691, 0.00, 1500.00, 0.00, 1500.00, 'Paid', 1, '2025-07-09 00:00:00'),
(202, 'SPHOA2647', 1692, 0.00, 1500.00, 0.00, 1500.00, 'Paid', 1, '2025-07-15 00:00:00'),
(203, 'SPHOA2648', 1693, 0.00, 1500.00, 0.00, 1500.00, 'Paid', 1, '2025-06-12 00:00:00'),
(204, 'SPHOA2649', 1694, 0.00, 500.00, 1000.00, 1500.00, 'Unpaid', 1, '2025-06-13 00:00:00'),
(205, 'SPHOA2650', 1695, 0.00, 1500.00, 0.00, 1500.00, 'Paid', 1, '2025-07-21 00:00:00'),
(206, 'SPHOA2651', 1696, 0.00, 1000.00, 500.00, 1500.00, 'Unpaid', 1, '2025-06-14 00:00:00'),
(207, 'SPHOA2652', 1697, 0.00, 1500.00, 0.00, 1500.00, 'Paid', 1, '2025-07-11 00:00:00'),
(208, 'SPHOA2653', 1698, 0.00, 1500.00, 0.00, 1500.00, 'Paid', 1, '2025-07-16 00:00:00'),
(209, 'SPHOA2654', 1699, 0.00, 1500.00, 0.00, 1500.00, 'Paid', 1, '2025-07-12 00:00:00'),
(210, 'SPHOA2655', 1700, 0.00, 1500.00, 0.00, 1500.00, 'Paid', 1, '2025-07-17 00:00:00'),
(211, 'SPHOA2656', 1701, 0.00, 2000.00, 0.00, 2000.00, 'Unpaid', 1, '2025-06-17 00:00:00'),
(212, 'SPHOA2657', 1702, 0.00, 1500.00, 0.00, 1500.00, 'Paid', 1, '2025-07-22 00:00:00'),
(213, 'SPHOA2658', 1703, 0.00, 1500.00, 0.00, 1500.00, 'Paid', 1, '2025-07-22 00:00:00'),
(214, 'SPHOA2659', 1704, 500.00, 2000.00, 0.00, 2000.00, 'Unpaid', 1, '2025-06-18 00:00:00'),
(215, 'SPHOA2660', 1705, 0.00, 1500.00, 0.00, 1500.00, 'Paid', 1, '2025-07-12 00:00:00'),
(216, 'SPHOA2661', 1706, 0.00, 1000.00, 500.00, 1500.00, 'Pending', 1, '2025-06-23 00:00:00'),
(217, 'SPHOA2662', 1707, 0.00, 2000.00, 0.00, 2000.00, 'Paid', 1, '2025-07-21 00:00:00'),
(218, 'SPHOA2663', 1708, 0.00, 1500.00, 0.00, 1500.00, 'Paid', 1, '2025-07-14 00:00:00'),
(219, 'SPHOA2664', 1709, 0.00, 1500.00, 0.00, 1500.00, 'Paid', 1, '2025-06-23 00:00:00'),
(221, 'SPHOA2666', 1711, 0.00, 1500.00, 0.00, 1500.00, 'Paid', 1, '2025-06-30 00:00:00'),
(222, 'SPHOA2667', 1712, 0.00, 1500.00, 0.00, 1500.00, 'Paid', 1, '2025-06-30 00:00:00'),
(223, 'SPHOA2669', 1714, 0.00, 1500.00, 0.00, 1500.00, 'Paid', 1, '2025-07-02 00:00:00'),
(224, 'SPHOA2670', 1715, 0.00, 1500.00, 0.00, 1500.00, 'Paid', 1, '2025-07-12 00:00:00'),
(225, 'SPHOA2671', 1716, 0.00, 0.00, 1500.00, 1500.00, 'Unpaid', 1, '2025-06-25 00:00:00'),
(226, 'SPHOA2672', 1717, 0.00, 1500.00, 0.00, 1500.00, 'Paid', 1, '2025-07-16 00:00:00'),
(227, 'SPHOA2673', 1718, 0.00, 500.00, 1000.00, 1500.00, 'Unpaid', 1, '2025-06-25 00:00:00'),
(228, 'SPHOA2674', 1719, 0.00, 1500.00, 0.00, 1500.00, 'Paid', 1, '2025-07-14 00:00:00'),
(229, 'SPHOA2675', 1720, 0.00, 1500.00, 0.00, 1500.00, 'Paid', 1, '2025-07-10 00:00:00'),
(230, 'SPHOA2676', 1721, 0.00, 1300.00, 200.00, 1500.00, 'Pending', 1, '2025-07-10 00:00:00'),
(231, 'SPHOA2677', 1722, 0.00, 1500.00, 0.00, 1500.00, 'Paid', 1, '2025-07-19 00:00:00'),
(232, 'SPHOA2678', 1723, 0.00, 1500.00, 0.00, 1500.00, 'Paid', 1, '2025-07-17 00:00:00'),
(233, 'SPHOA2679', 1724, 0.00, 1300.00, 200.00, 1500.00, 'Pending', 1, '2025-07-10 00:00:00'),
(234, 'SPHOA2680', 1725, 0.00, 0.00, 1500.00, 1500.00, 'Unpaid', 1, '2025-07-01 00:00:00'),
(235, 'SPHOA2681', 1726, 0.00, 1500.00, 0.00, 1500.00, 'Paid', 1, '2025-07-18 00:00:00'),
(236, 'SPHOA2682', 1727, 0.00, 1500.00, 0.00, 1500.00, 'Paid', 1, '2025-07-22 00:00:00'),
(237, 'SPHOA2683', 1728, 0.00, 1500.00, 0.00, 1500.00, 'Paid', 1, '2025-07-15 00:00:00'),
(238, 'SPHOA2684', 1729, 0.00, 1500.00, 0.00, 1500.00, 'Paid', 1, '2025-07-17 00:00:00'),
(239, 'SPHOA2685', 1730, 0.00, 0.00, 1500.00, 1500.00, 'Unpaid', 1, '2025-07-02 00:00:00'),
(240, 'SPHOA2686', 1732, 0.00, 500.00, 1000.00, 1500.00, 'Pending', 1, '2025-07-04 00:00:00'),
(241, 'SPHOA2686', 1731, 0.00, 1500.00, 0.00, 1500.00, 'Paid', 1, '2025-07-14 00:00:00'),
(242, 'SPHOA2687', 1733, 0.00, 1500.00, 0.00, 1500.00, 'Paid', 1, '2025-07-17 00:00:00'),
(243, 'SPHOA2688', 1734, 0.00, 1500.00, 0.00, 1500.00, 'Paid', 1, '2025-07-18 00:00:00'),
(244, 'SPHOA2689', 1735, 0.00, 0.00, 1500.00, 1500.00, 'Unpaid', 1, '2025-07-04 00:00:00'),
(245, 'SPHOA2690', 1736, 0.00, 1500.00, 0.00, 1500.00, 'Paid', 1, '2025-07-19 00:00:00'),
(246, 'SPHOA2691', 1737, 0.00, 2000.00, 0.00, 2000.00, 'Paid', 1, '2025-07-21 00:00:00'),
(247, 'SPHOA2692', 1738, 0.00, 2000.00, 0.00, 2000.00, 'Paid', 1, '2025-07-21 00:00:00'),
(248, 'SPHOA2693', 1739, 0.00, 2000.00, 0.00, 2000.00, 'Paid', 1, '2025-07-21 00:00:00'),
(249, 'SPHOA2694', 1740, 0.00, 1500.00, 0.00, 1500.00, 'Paid', 1, '2025-07-17 00:00:00'),
(250, 'SPHOA2695', 1741, 0.00, 0.00, 1500.00, 1500.00, 'Unpaid', 1, '2025-07-08 00:00:00'),
(251, 'SPHOA2696', 1742, 0.00, 1500.00, 0.00, 1500.00, 'Paid', 1, '2025-07-21 00:00:00'),
(252, 'SPHOA2697', 1743, 0.00, 0.00, 1500.00, 1500.00, 'Unpaid', 1, '2025-07-08 00:00:00'),
(253, 'SPHOA2698', 1744, 0.00, 1500.00, 0.00, 1500.00, 'Unpaid', 1, '2025-07-09 00:00:00'),
(254, 'SPHOA2699', 1745, 0.00, 500.00, 1000.00, 1500.00, 'Unpaid', 1, '2025-07-09 00:00:00'),
(255, 'SPHOA2700', 1746, 0.00, 500.00, 1000.00, 1500.00, 'Unpaid', 1, '2025-07-09 00:00:00'),
(256, 'SPHOA2701', 1747, 0.00, 0.00, 1500.00, 1500.00, 'Unpaid', 1, '2025-07-09 00:00:00'),
(257, 'SPHOA2702', 1748, 0.00, 1500.00, 0.00, 1500.00, 'Paid', 1, '2025-07-21 00:00:00'),
(258, 'SPHOA2703', 1749, 0.00, 2000.00, 0.00, 2000.00, 'Paid', 1, '2025-07-21 00:00:00'),
(259, 'SPHOA2704', 1750, 0.00, 1500.00, 0.00, 1500.00, 'Paid', 1, '2025-07-18 00:00:00'),
(260, 'SPHOA2705', 1751, 0.00, 1500.00, 0.00, 1500.00, 'Paid', 1, '2025-07-18 00:00:00'),
(261, 'SPHOA2706', 1752, 0.00, 1000.00, 500.00, 1500.00, 'Pending', 1, '2025-07-18 00:00:00'),
(262, 'SPHOA2707', 1753, 0.00, 2000.00, 0.00, 2000.00, 'Unpaid', 1, '2025-07-10 00:00:00'),
(263, 'SPHOA2708', 1754, 0.00, 1500.00, 0.00, 1500.00, 'Paid', 1, '2025-07-21 00:00:00'),
(264, 'SPHOA2709', 1755, 0.00, 1500.00, 0.00, 1500.00, 'Paid', 1, '2025-07-19 00:00:00'),
(265, 'SPHOA2710', 1756, 0.00, 500.00, 1000.00, 1500.00, 'Unpaid', 1, '2025-07-11 00:00:00'),
(266, 'SPHOA2711', 1757, 0.00, 500.00, 1000.00, 1500.00, 'Unpaid', 1, '2025-07-11 00:00:00'),
(267, 'SPHOA2712', 1758, 0.00, 1000.00, 1000.00, 2000.00, 'Unpaid', 1, '2025-07-12 00:00:00'),
(268, 'SPHOA2713', 1759, 0.00, 500.00, 1500.00, 2000.00, 'Unpaid', 1, '2025-07-12 00:00:00'),
(269, 'SPHOA2714', 1760, 0.00, 2000.00, 0.00, 2000.00, 'Paid', 1, '2025-07-22 00:00:00'),
(270, 'SPHOA2715', 1761, 0.00, 500.00, 1000.00, 1500.00, 'Unpaid', 1, '2025-07-21 00:00:00');

-- --------------------------------------------------------

--
-- Table structure for table `reset_tokens`
--

CREATE TABLE `reset_tokens` (
  `id` int(11) NOT NULL,
  `user_id` int(11) NOT NULL,
  `token` varchar(100) NOT NULL,
  `expires_at` datetime NOT NULL
) ENGINE=InnoDB DEFAULT CHARSET=utf8mb4 COLLATE=utf8mb4_unicode_ci;

-- --------------------------------------------------------

--
-- Table structure for table `tblassignjobroll`
--

CREATE TABLE `tblassignjobroll` (
  `id` int(10) NOT NULL,
  `trainingcenter_id` int(10) NOT NULL,
  `scheme_id` int(10) NOT NULL,
  `sector_id` int(10) NOT NULL,
  `jobroll_id` int(10) NOT NULL,
  `date` timestamp NOT NULL DEFAULT current_timestamp()
) ENGINE=InnoDB DEFAULT CHARSET=utf8mb3 COLLATE=utf8mb3_general_ci;

--
-- Dumping data for table `tblassignjobroll`
--

INSERT INTO `tblassignjobroll` (`id`, `trainingcenter_id`, `scheme_id`, `sector_id`, `jobroll_id`, `date`) VALUES
(23, 10, 42, 21, 12, '2024-12-12 04:48:50'),
(24, 10, 42, 21, 13, '2024-12-12 04:48:58'),
(25, 10, 42, 21, 18, '2024-12-12 04:49:05'),
(26, 10, 42, 21, 20, '2024-12-12 04:49:14'),
(27, 10, 42, 21, 21, '2024-12-12 04:49:22'),
(28, 22, 43, 22, 22, '2024-12-12 06:08:24'),
(29, 10, 42, 21, 23, '2025-02-27 00:58:13'),
(30, 25, 45, 24, 25, '2025-03-09 01:19:17'),
(31, 26, 46, 26, 26, '2025-03-09 01:34:36'),
(32, 27, 47, 27, 27, '2025-03-09 01:43:06'),
(33, 28, 48, 28, 28, '2025-03-09 03:42:51'),
(34, 29, 49, 29, 29, '2025-03-09 04:16:37'),
(35, 30, 50, 30, 30, '2025-03-10 04:42:45'),
(36, 30, 50, 30, 31, '2025-03-10 04:42:56'),
(37, 31, 52, 32, 32, '2025-03-10 10:56:40'),
(38, 32, 54, 33, 34, '2025-03-11 04:30:33'),
(39, 32, 54, 33, 35, '2025-03-11 04:30:40'),
(40, 32, 54, 33, 34, '2025-03-11 04:31:33'),
(41, 32, 54, 34, 35, '2025-03-11 04:48:26'),
(48, 33, 54, 34, 35, '2025-03-11 10:33:14'),
(49, 34, 55, 35, 36, '2025-03-13 08:54:54'),
(50, 34, 55, 35, 37, '2025-03-13 08:55:02'),
(51, 34, 55, 35, 37, '2025-03-19 11:53:53'),
(52, 37, 57, 37, 39, '2025-03-24 06:27:08'),
(53, 37, 57, 37, 40, '2025-03-24 06:27:16'),
(54, 37, 57, 37, 41, '2025-03-24 12:03:22'),
(55, 37, 57, 37, 43, '2025-03-25 04:15:22'),
(56, 37, 57, 37, 44, '2025-03-25 04:24:13'),
(57, 37, 57, 37, 45, '2025-05-06 04:44:30'),
(58, 37, 57, 37, 46, '2025-05-07 12:06:56');

-- --------------------------------------------------------

--
-- Table structure for table `tblassignscheme`
--

CREATE TABLE `tblassignscheme` (
  `id` int(10) NOT NULL,
  `scheme_id` int(10) NOT NULL,
  `trainingcenter_id` int(10) NOT NULL,
  `date` timestamp NOT NULL DEFAULT current_timestamp()
) ENGINE=InnoDB DEFAULT CHARSET=utf8mb3 COLLATE=utf8mb3_general_ci;

--
-- Dumping data for table `tblassignscheme`
--

INSERT INTO `tblassignscheme` (`id`, `scheme_id`, `trainingcenter_id`, `date`) VALUES
(25, 42, 10, '2024-12-12 04:48:17'),
(26, 43, 22, '2024-12-12 06:07:46'),
(27, 45, 25, '2025-03-09 01:17:48'),
(28, 45, 25, '2025-03-09 01:18:27'),
(29, 46, 26, '2025-03-09 01:33:48'),
(30, 47, 27, '2025-03-09 01:42:19'),
(31, 47, 27, '2025-03-09 01:42:29'),
(32, 48, 28, '2025-03-09 03:42:18'),
(33, 49, 29, '2025-03-09 04:16:03'),
(34, 50, 30, '2025-03-10 04:42:24'),
(35, 53, 31, '2025-03-10 10:50:44'),
(36, 52, 31, '2025-03-10 10:50:51'),
(37, 54, 32, '2025-03-11 04:30:12'),
(38, 54, 33, '2025-03-11 10:32:37'),
(39, 55, 34, '2025-03-13 08:54:31'),
(40, 55, 34, '2025-03-19 10:46:06'),
(41, 57, 37, '2025-03-24 06:26:42'),
(42, 57, 37, '2025-03-25 04:14:20');

-- --------------------------------------------------------

--
-- Table structure for table `tblassignsector`
--

CREATE TABLE `tblassignsector` (
  `id` int(11) NOT NULL,
  `trainingcenter_id` int(10) NOT NULL,
  `scheme_id` int(10) NOT NULL,
  `sector_id` int(10) NOT NULL,
  `date` timestamp NOT NULL DEFAULT current_timestamp()
) ENGINE=InnoDB DEFAULT CHARSET=utf8mb3 COLLATE=utf8mb3_general_ci;

--
-- Dumping data for table `tblassignsector`
--

INSERT INTO `tblassignsector` (`id`, `trainingcenter_id`, `scheme_id`, `sector_id`, `date`) VALUES
(23, 10, 42, 21, '2024-12-12 04:48:33'),
(24, 22, 43, 22, '2024-12-12 06:08:05'),
(25, 25, 45, 24, '2025-03-09 01:18:54'),
(26, 26, 46, 26, '2025-03-09 01:34:09'),
(27, 27, 47, 27, '2025-03-09 01:42:46'),
(28, 28, 48, 28, '2025-03-09 03:42:36'),
(29, 29, 49, 29, '2025-03-09 04:16:15'),
(30, 30, 50, 30, '2025-03-10 04:42:33'),
(31, 31, 53, 31, '2025-03-10 10:51:16'),
(32, 31, 52, 32, '2025-03-10 10:52:01'),
(33, 31, 53, 31, '2025-03-10 10:56:27'),
(34, 32, 54, 33, '2025-03-11 04:30:22'),
(35, 32, 54, 33, '2025-03-11 04:31:23'),
(36, 32, 54, 34, '2025-03-11 04:47:55'),
(37, 33, 54, 34, '2025-03-11 10:32:52'),
(38, 34, 55, 35, '2025-03-13 08:54:40'),
(39, 34, 55, 35, '2025-03-19 11:12:53'),
(40, 36, 55, 35, '2025-03-19 11:14:06'),
(41, 37, 57, 37, '2025-03-24 06:26:56'),
(42, 37, 57, 37, '2025-03-25 04:14:31');

-- --------------------------------------------------------

--
-- Table structure for table `tblbatch`
--

CREATE TABLE `tblbatch` (
  `id` int(10) NOT NULL,
  `training_centre_id` int(10) DEFAULT NULL,
  `scheme_id` int(10) DEFAULT NULL,
  `sector_id` int(10) DEFAULT NULL,
  `job_roll_id` int(10) DEFAULT NULL,
  `batch_name` varchar(100) DEFAULT NULL,
  `start_date` date DEFAULT NULL,
  `end_date` date DEFAULT NULL,
  `start_time` time DEFAULT NULL,
  `end_time` time DEFAULT NULL
) ENGINE=InnoDB DEFAULT CHARSET=utf8mb3 COLLATE=utf8mb3_general_ci;

--
-- Dumping data for table `tblbatch`
--

INSERT INTO `tblbatch` (`id`, `training_centre_id`, `scheme_id`, `sector_id`, `job_roll_id`, `batch_name`, `start_date`, `end_date`, `start_time`, `end_time`) VALUES
(59, 37, 57, 37, 43, 'MSO-01-2025', '2025-03-24', '2025-05-09', '11:00:00', '12:00:00'),
(60, 37, 57, 37, 44, 'TALLY-01-2025', '2025-04-03', '2025-05-27', '12:00:00', '01:00:00'),
(61, 37, 57, 37, 43, 'MSO-02-2025', '2025-04-04', '2025-05-19', '09:30:00', '10:30:00'),
(62, 37, 57, 37, 43, 'MSO-03-2025', '2025-04-14', '2025-05-30', '09:30:00', '10:30:00'),
(63, 37, 57, 37, 43, 'MSO-04-2025', '2025-04-21', '2025-06-07', '09:00:00', '10:00:00'),
(64, 37, 57, 37, 43, 'MSO-05-2025', '2025-05-05', '2025-06-20', '11:00:00', '12:00:00'),
(66, 37, 57, 37, 46, 'TYP-01-2025', '2025-05-06', '2025-06-05', '09:00:00', '11:00:00'),
(67, 37, 57, 37, 43, 'MSO-06-2025', '2025-05-14', '2025-06-30', '11:00:00', '12:00:00'),
(68, 37, 57, 37, 43, 'MSO-07-2025', '2025-05-12', '2025-06-27', '03:00:00', '04:00:00'),
(69, 37, 57, 37, 44, 'TALLY-02-2025', '2025-05-03', '2025-06-18', '12:00:00', '01:00:00'),
(70, 37, 57, 37, 43, 'MSO-08-2025', '2025-06-05', '2025-07-20', '11:30:00', '12:30:00'),
(71, 37, 57, 37, 44, 'TALLY-03-2025', '2025-06-23', '2025-08-08', '11:00:00', '12:00:00'),
(72, 37, 57, 37, 43, 'MSO-09-2025', '2025-06-23', '2025-08-08', '10:00:00', '11:00:00'),
(73, 37, 57, 37, 43, 'MSO-10-2025', '2025-06-23', '2025-08-08', '03:00:00', '04:00:00'),
(74, 37, 57, 37, 43, 'MSO-11-2025', '2025-07-02', '2025-08-17', '03:00:00', '04:00:00'),
(75, 37, 57, 37, 43, 'MSO-12-2025', '2025-07-08', '2025-08-23', '11:30:00', '12:45:00'),
(76, 37, 57, 37, 43, 'MSO-13-2025', '2025-07-17', '2025-07-22', '12:00:00', '01:00:00'),
(77, 37, 57, 37, 43, 'MSO-14-2025', '2025-07-22', '2025-09-07', '10:00:00', '11:00:00');

-- --------------------------------------------------------

--
-- Table structure for table `tblbatch_candidate`
--

CREATE TABLE `tblbatch_candidate` (
  `id` int(10) NOT NULL,
  `candidate_id` int(10) NOT NULL,
  `batch_id` int(10) NOT NULL,
  `date` timestamp NOT NULL DEFAULT current_timestamp()
) ENGINE=InnoDB DEFAULT CHARSET=utf8mb3 COLLATE=utf8mb3_general_ci;

--
-- Triggers `tblbatch_candidate`
--
DELIMITER $$
CREATE TRIGGER `after_batch_candidate_delete` AFTER DELETE ON `tblbatch_candidate` FOR EACH ROW BEGIN
    
    IF NOT EXISTS (
        SELECT 1 FROM tblbatch_candidate WHERE batch_id = OLD.batch_id
    ) THEN
        
        DELETE FROM tblbatch WHERE id = OLD.batch_id;
    END IF;
END
$$
DELIMITER ;

-- --------------------------------------------------------

--
-- Table structure for table `tblcandidate`
--

CREATE TABLE `tblcandidate` (
  `CandidateId` int(11) NOT NULL,
  `enrollmentid` varchar(500) NOT NULL,
  `candidatename` varchar(55) DEFAULT NULL,
  `fathername` varchar(55) DEFAULT NULL,
  `aadharnumber` bigint(12) DEFAULT NULL,
  `phonenumber` bigint(10) DEFAULT NULL,
  `email` varchar(100) DEFAULT NULL,
  `qualification` varchar(55) DEFAULT NULL,
  `dateofbirth` date DEFAULT NULL,
  `gender` varchar(55) DEFAULT NULL,
  `maritalstatus` varchar(55) DEFAULT NULL,
  `religion` varchar(55) DEFAULT NULL,
  `category` varchar(55) DEFAULT NULL,
  `village` varchar(55) DEFAULT NULL,
  `mandal` varchar(55) DEFAULT NULL,
  `district` varchar(55) DEFAULT NULL,
  `state` varchar(55) DEFAULT NULL,
  `pincode` int(55) DEFAULT NULL,
  `candidatephoto` varchar(255) DEFAULT NULL,
  `aadhaarphoto` varchar(255) DEFAULT NULL,
  `qualificationphoto` varchar(255) DEFAULT NULL,
  `applicationphoto` varchar(255) DEFAULT NULL,
  `DateCreated` timestamp NULL DEFAULT current_timestamp(),
  `DateModified` timestamp NULL DEFAULT NULL,
  `tblbatch_id` int(20) DEFAULT NULL,
  `training_center` int(11) DEFAULT NULL,
  `scheme` int(11) DEFAULT NULL,
  `sector` int(11) DEFAULT NULL,
  `job_roll` int(11) DEFAULT NULL,
  `batch` int(11) DEFAULT NULL
) ENGINE=InnoDB DEFAULT CHARSET=utf8mb4 COLLATE=utf8mb4_general_ci;

--
-- Dumping data for table `tblcandidate`
--

INSERT INTO `tblcandidate` (`CandidateId`, `enrollmentid`, `candidatename`, `fathername`, `aadharnumber`, `phonenumber`, `email`, `qualification`, `dateofbirth`, `gender`, `maritalstatus`, `religion`, `category`, `village`, `mandal`, `district`, `state`, `pincode`, `candidatephoto`, `aadhaarphoto`, `qualificationphoto`, `applicationphoto`, `DateCreated`, `DateModified`, `tblbatch_id`, `training_center`, `scheme`, `sector`, `job_roll`, `batch`) VALUES
(1530, 'SPHOA2501', 'Maradana Chinni Krishna', 'Maradana Srinivasa Rao', 495621767449, 8247520050, '', 'Intermediate', '2005-06-02', 'Male', 'Un Married', 'Hindu', 'BC-D', 'Veerabhadrapuram', 'Parvathipuram', 'Parvathipuram Manyam', 'Andhra Pradesh', 535527, '', '', '', '', '2025-03-24 12:17:42', NULL, 59, 37, 57, 37, 43, 59),
(1531, 'SPHOA2502', 'Jeelakarra Jagadeesh', 'Jeelakarra Govindu', 444833226879, 9493684623, '', 'Intermediate', '2000-07-02', 'Male', 'Un Married', 'Hindu', 'BC-D', 'Vadaputti', 'Duddukhullu', 'Parvathipuram Manyam', 'Andhra Pradesh', 535524, '', '', '', '', '2025-03-24 12:24:10', NULL, 59, 37, 57, 37, 43, 59),
(1532, 'SPHOA2503', 'Bantupalli Durga Bhavani', 'Bantupalli Simhachalam', 959313984486, 6281856212, '', 'Intermediate', '2007-02-07', 'Female', 'Un Married', 'Hindu', 'BC-D', 'Kottavalasa', 'Parvathipuram', 'Parvathipuram Manyam', 'Andhra Pradesh', 535501, '', '', '', '', '2025-03-27 06:10:50', NULL, 59, 37, 57, 37, 43, 59),
(1533, 'SPHOA2504', 'Gottapu Venkatesh', 'Gottapu Rama Krishna', 582794675691, 8790672380, '', 'Intermediate', '2006-08-10', 'Male', 'Un Married', 'Hindu', 'BC-D', 'Parvathipuram', 'Parvathipuram', 'Parvathipuram Manyam', 'Andhra Pradesh', 535501, '', '', '', '', '2025-03-27 06:19:53', NULL, 59, 37, 57, 37, 43, 59),
(1534, 'SPHOA2505', 'Majji Satyavathi', 'Majji Janardhana', 591462055326, 7095904869, '', 'SSC', '2006-10-18', 'Female', 'Un Married', 'Hindu', 'BC-D', 'Parashurampuram ', 'Parvathipuram', 'Parvathipuram Manyam', 'Andhra Pradesh', 535525, '', '', '', '', '2025-03-28 09:36:44', NULL, 59, 37, 57, 37, 43, 59),
(1535, 'SPHOA2506', 'Kotcherla Radha', 'Kotcherla Venkata Ramana', 806303954413, 9059141086, '', 'Intermediate', '1998-07-01', 'Male', 'Married', 'Hindu', 'BC-C', 'Pedagudaba', 'Garugubilli', 'Parvathipuram Manyam', 'Andhra Pradesh', 535501, '', '', '', '', '2025-03-31 07:18:04', NULL, 59, 37, 57, 37, 43, 59),
(1536, 'SPHOA2507', 'Kikkara Simhadri', 'Kikkara Chinappayya', 813863291309, 6300690039, '', 'Intermediate', '2008-07-06', 'Male', 'Un Married', 'Hindu', 'BC-D', 'Veeraghattam', 'Veeraghattam', 'Parvathipuram Manyam', 'Andhra Pradesh', 532460, '', '', '', '', '2025-04-01 04:44:43', NULL, 61, 37, 57, 37, 43, 61),
(1537, 'SPHOA2508', 'Mekala Lokesh', 'Mekala Murali', 732749562673, 7729900710, '', 'Intermediate', '2007-07-02', 'Male', 'Un Married', 'Hindu', 'ST', 'Aguru', 'Mentada', 'Vizianagaram', 'Andhra Pradesh', 532127, '', '', '', '', '2025-04-01 05:06:12', NULL, 59, 37, 57, 37, 43, 59),
(1538, 'SPHOA2509', 'Kondeti Ravikiran', 'Kondeti Suryanarayana', 833702963200, 7893695456, '', 'Intermediate', '2008-08-10', 'Male', 'Un Married', 'Hindu', 'BC-D', 'Bandaluppi', 'Parvathipuram', 'Parvathipuram Manyam', 'Andhra Pradesh', 535527, '', '', '', '', '2025-04-01 05:36:34', NULL, 59, 37, 57, 37, 43, 59),
(1539, 'SPHOA2510', 'Madaka Vivek', 'Madaka Trinadha', 880815582951, 9014993895, '', 'Intermediate', '2009-08-14', 'Male', 'Un Married', 'Hindu', 'BC-D', ' Mulaga', 'Parvathipuram', 'Parvathipuram Manyam', 'Andhra Pradesh', 535501, '', '', '', '', '2025-04-01 06:22:22', NULL, 59, 37, 57, 37, 43, 59),
(1540, 'SPHOA2511', 'Vangapandu Rohit', 'Vangapandu Sankar Rao', 373741035208, 8185933419, 'naidurohithnaidu606@gmail.com', 'Intermediate', '2009-07-12', 'Male', 'Un Married', 'Hindu', 'BC-D', 'Krishnapalli', 'Parvathipuram', 'Parvathipuram Manyam', 'Andhra Pradesh', 535502, '', '', '', '', '2025-04-01 06:52:23', NULL, 59, 37, 57, 37, 43, 59),
(1541, 'SPHOA2512', 'Satyavarapu Sai', 'Satyavarapu Laxmana Rao', 883112557654, 9618706952, 'satyavarapusai@gmail.com', 'Intermediate', '2007-07-21', 'Male', 'Un Married', 'Hindu', 'OC', 'Kishnapalli', 'Parvathipuram', 'Parvathipuram Manyam', 'Andhra Pradesh', 535501, '', '', '', '', '2025-04-03 06:24:11', NULL, 59, 37, 57, 37, 43, 59),
(1542, 'SPHOA2513', 'Kondagorri Siva', 'Kondagorri Sankararao', 969983465614, 9347126533, 'sivakondagorri05@gmail.com', 'Graduation', '2003-06-14', 'Male', 'Un Married', 'Hindu', 'SC', 'Mahadevivalasa', 'Veeraghattam', 'Srikakulam', 'Andhra Pradesh', 532460, '', '', '', '', '2025-04-03 09:19:52', NULL, 61, 37, 57, 37, 43, 61),
(1544, 'SPHOA2515', 'Patra Bhagyam', 'Patra Chiranjeevi', 444814315960, 8790814017, '', 'Intermediate', '2007-04-01', 'Female', 'Un Married', 'Hindu', 'SC', 'Pedabondapilli', 'Parvathipuram', 'Parvathipuram Manyam', 'Andhra Pradesh', 535527, '', '', '', '', '2025-04-04 04:46:01', NULL, 59, 37, 57, 37, 43, 59),
(1545, 'SPHOA2516', 'Muskarla Jashvanth Kumar', 'Muskarla Murali', 467470774245, 9493618336, '', 'SSC', '2008-06-24', 'Male', 'Un Married', 'Hindu', 'BC-D', 'Kurupam', 'Kurupam', 'Parvathipuram Manyam', 'Andhra Pradesh', 535524, '', '', '', '', '2025-04-04 05:30:51', NULL, 61, 37, 57, 37, 43, 61),
(1546, 'SPHOA2517', 'Kolli Gowri Sankara Rao', 'Kolli Bhageswara Rao', 481403778773, 9182020905, 'jeevanaraju434@gmai.com', 'Graduation', '1994-07-20', 'Male', 'Un Married', 'Hindu', 'BC-B', 'Parvathipuram', 'Parvathipuram', 'Parvathipuram Manyam', 'Andhra Pradesh', 535501, '', '', '', '', '2025-04-05 06:08:27', NULL, 59, 37, 57, 37, 43, 59),
(1549, 'SPHOA2519', 'Chintada Saranya', 'Chintada Sateesh', 297981288401, 7093437062, 'chinthadasateesh@gmail.com', 'SSC', '2008-09-21', 'Female', 'Un Married', 'Hindu', 'SC', 'Pedagudaba', 'Parvathipuram', 'Parvathipuram Manyam', 'Andhra Pradesh', 535463, '', 'WhatsApp Image 2025-04-09 at 11.04.36.jpeg', '', '', '2025-04-09 05:35:53', NULL, 62, 37, 57, 37, 43, 62),
(1551, 'SPHOA2521', 'Guntreddi Chandra Mouli', 'Guntreddi Gowri Sankar Rao', 658282988074, 9346857252, 'chandra04062002@gmail.com', 'Graduation', '2002-06-04', 'Male', 'Un Married', 'Hindu', 'BC-D', 'Kurupam', 'Kurupam', 'Parvathipuram Manyam', 'Andhra Pradesh', 535524, '', '', '', '', '2025-04-09 06:32:55', NULL, 61, 37, 57, 37, 43, 61),
(1553, 'SPHOA2523', 'Pathini Ashish', 'Pathini Sankara Rao', 439246505680, 9573745977, '', 'SSC', '2010-07-21', 'Male', 'Un Married', 'Hindu', 'BC-A', 'Balagudaba', 'Parvathipuram', 'Parvathipuram Manyam', 'Andhra Pradesh', 535501, 'ImportedPhoto_1744023215941-min.jpg', NULL, NULL, '', '2025-04-09 06:47:34', NULL, 62, 37, 57, 37, 43, 62),
(1554, 'SPHOA2524', 'Yelamasetti Jagadeesh', 'Yelamasetti Chinna Rao', 208297051020, 6304986074, '', 'SSC', '2008-12-30', 'Female', 'Un Married', 'Hindu', 'OC', 'Parvathipuram', 'Parvathipuram', 'Parvathipuram Manyam', 'Andhra Pradesh', 535501, '', '', '', '', '2025-04-10 04:11:38', NULL, 62, 37, 57, 37, 43, 62),
(1555, 'SPHOA2525', 'Ganta Deepika', 'Ganta Appalaswami', 497715182870, 8074978330, '', 'SSC', '2010-04-14', 'Female', 'Un Married', 'Hindu', 'SC', 'Pedduru', 'Garugubilli', 'Parvathipuram Manyam', 'Andhra Pradesh', 535522, '', '', '', '', '2025-04-10 05:50:33', NULL, 62, 37, 57, 37, 43, 62),
(1556, 'SPHOA2526', 'Bonu Dileep', 'Bonu Krishna', 501866588566, 7702628066, 'dileepbonu32@gmail.com', 'Intermediate', '2002-01-13', 'Male', 'Un Married', 'Hindu', 'ST', 'Venkatarayudu Peta', 'Parvathipuram', 'Parvathipuram Manyam', 'Andhra Pradesh', 535522, '', '', '', '', '2025-04-10 06:21:00', NULL, 61, 37, 57, 37, 43, 61),
(1557, 'SPHOA2527', 'Porapu Sowndharya', 'Porapu Krishna', 702705244050, 7382646346, '', 'Graduation', '1993-05-10', 'Female', 'Married', 'Hindu', 'SC', 'Parvathipuram', 'Parvathipuram', 'Parvathipuram Manyam', 'Andhra Pradesh', 535501, '', '', '', '', '2025-04-10 06:59:12', NULL, 61, 37, 57, 37, 43, 61),
(1558, 'SPHOA2528', 'Regu Santhosh', 'Regu Srinu', 506193215460, 7799318471, 'regusanthosh360@gmail.com', 'Intermediate', '2008-08-06', 'Male', 'Un Married', 'Hindu', 'BC-B', 'Chinabondapalli', 'Parvathipuram', 'Parvathipuram Manyam', 'Andhra Pradesh', 535501, '', '', '', '', '2025-04-10 07:03:06', NULL, 60, 37, 57, 37, 44, 60),
(1559, 'SPHOA2529', 'Bandi Santhosh', 'Bandi Durga Rao', 915379904062, 9491615989, 'durgaraod877@gmail.com', 'Intermediate', '2008-10-15', 'Male', 'Un Married', 'Hindu', 'OC', 'Peddabondapalli', 'Parvarhipuram', 'Parvathipuram Manyam', 'Orissa', 535527, '', '', '', '', '2025-04-10 07:14:45', NULL, 60, 37, 57, 37, 44, 60),
(1560, 'SPHOA2530', 'Penta Revanth Babu', 'Penta Ramana', 733723823766, 9390644563, 'revanthbabupenta@gmail.com', 'SSC', '2009-05-08', 'Male', 'Un Married', 'Hindu', 'BC-A', 'Komarada', 'Komarada', 'Parvathipuram Manyam', 'Andhra Pradesh', 535521, '', '', '', '', '2025-04-11 04:06:25', NULL, 62, 37, 57, 37, 43, 62),
(1561, 'SPHOA2531', 'Pappala Ramya', 'Pappala Sankarrao', 581757757552, 8019789322, '', 'SSC', '2010-01-06', 'Female', 'Un Married', 'Hindu', 'BC-D', 'Balagudaba', 'Parvathipuram', 'Parvathipuram Manyam', 'Andhra Pradesh', 535501, '', '', '', '', '2025-04-11 04:15:26', NULL, 62, 37, 57, 37, 43, 62),
(1563, 'SPHOA2533', 'Palaka Vamsi', 'Palaka Thirupathi Rao', 580889070542, 7075834204, '', 'Intermediate', '2008-12-01', 'Male', 'Un Married', 'Hindu', 'ST', 'Seemalavani Valasa', 'Garugubilli', 'Parvathipuram Manyam', 'Andhra Pradesh', 535463, '', '', '', '', '2025-04-11 04:53:50', NULL, 62, 37, 57, 37, 43, 62),
(1564, 'SPHOA2534', 'Tarra Dileep Kumar', 'Tarra Dhanunjaya', 349770478419, 9177073595, 'tarradileepkumar@gmail.com', 'Intermediate', '2009-06-10', 'Male', 'Un Married', 'Hindu', 'ST', 'Kitchada', 'Kurupam', 'Parvathipuram Manyam', 'Andhra Pradesh', 535524, '', '', '', '', '2025-04-11 05:02:00', NULL, 62, 37, 57, 37, 43, 62),
(1565, 'SPHOA2535', 'Nadipilli Surekha', 'Nadipilli Ramakrishna', 799870437548, 9014639474, '', 'Intermediate', '2008-05-01', 'Female', 'Un Married', 'Hindu', 'BC-D', 'Gandi Satram Paravthipuram', 'Parvathipuram', 'Parvathipuram Manyam', 'Andhra Pradesh', 535501, '', '', '', '', '2025-04-11 06:19:07', NULL, 62, 37, 57, 37, 43, 62),
(1567, 'SPHOA2537', 'Hanumanthu Soujanya', 'Hanumanthu Chandramouali', 398938718754, 9052923325, '', 'Intermediate', '2007-02-18', 'Female', 'Un Married', 'Hindu', 'BC-D', 'Naidu Street Parvathipuram', 'Parvathipuram', 'Parvathipuram Manyam', 'Andhra Pradesh', 535501, '', '', '', '', '2025-04-11 06:25:16', NULL, 62, 37, 57, 37, 43, 62),
(1568, 'SPHOA2538', 'Uttaravilli Reethika', 'Uttaravilli Ramu', 603493571885, 9440687030, 'geturetu8@gmail.com', 'Intermediate', '2009-06-22', 'Female', 'Un Married', 'Hindu', 'SC', 'Kotthavalasa', 'Parvathipuram', 'Parvathipuram Manyam', 'Andhra Pradesh', 535501, '', '', '', '', '2025-04-11 12:17:13', NULL, 62, 37, 57, 37, 43, 62),
(1569, 'SPHOA2539', 'Allu Pradeep', 'Allu Gowru Naidu', 484795210357, 9440797009, 'gowrunaiduallu@gmail.com', 'SSC', '2009-11-14', 'Male', 'Un Married', 'Hindu', 'BC-D', 'Parvathipuram', 'Parvathipuram', 'Parvathipuram Manyam', 'Andhra Pradesh', 535501, '', '', '', '', '2025-04-12 04:11:30', NULL, 62, 37, 57, 37, 43, 62),
(1570, 'SPHOA2540', 'Singidi Dinesh', 'Singidi Gowri Sankar', 367701878303, 9676834990, '', 'SSC', '2009-10-29', 'Male', 'Un Married', 'Hindu', 'BC-A', 'Parvathipuram', 'Parvathipuram', 'Parvathipuram Manyam', 'Andhra Pradesh', 535501, '', '', '', '', '2025-04-12 04:15:22', NULL, 62, 37, 57, 37, 43, 62),
(1571, 'SPHOA2541', 'Illa Priyanka', 'Illa Ramu', 439197341593, 9346866326, 'priyankailla9@gmail.com', 'Graduation', '2003-03-12', 'Male', 'Un Married', 'Hindu', 'SC', 'Kottavalasa', 'Parvathipuram', 'Parvathipuram Manyam', 'Andhra Pradesh', 535501, '', '', '', '', '2025-04-12 05:31:37', NULL, 61, 37, 57, 37, 43, 61),
(1572, 'SPHOA2542', 'Muvvala Adharsh', 'Muvvala Narayana Rao', 627519634903, 9346354398, 'adharshmuvvala143@gmail.com', 'SSC', '2002-07-04', 'Male', 'Un Married', 'Hindu', 'BC-D', 'Venkatarayudupeta', 'Parvathipuram', 'Parvathipuram Manyam', 'Andhra Pradesh', 535522, '', '', '', '', '2025-04-12 06:15:22', NULL, 62, 37, 57, 37, 43, 62),
(1573, 'SPHOA2543', 'Tanna Bhavani', 'Tanna Sivudnaidu', 624424090114, 9347742968, '', 'Intermediate', '2007-03-12', 'Female', 'Un Married', 'Hindu', 'BC-D', 'Ld Valasa', 'Parvathipuram', 'Parvathipuram Manyam', 'Andhra Pradesh', 535522, '', '', '', '', '2025-04-14 05:22:21', NULL, 61, 37, 57, 37, 43, 61),
(1574, 'SPHOA2544', 'Gorji Kavitha ', 'Gorji Yellam Naidu ', 632206642600, 8688204468, '', 'Intermediate', '2008-03-15', 'Female', 'Un Married', 'Hindu', 'BC-D', 'K Mulaga', 'Parvathipuram', 'Parvathipuram Manyam', 'Andhra Pradesh', 535522, '', '', '', '', '2025-04-14 05:25:56', NULL, 61, 37, 57, 37, 43, 61),
(1575, 'SPHOA2545', 'Regidi Vivek', 'Regidi Krishna', 492831679108, 9908287031, 'krishnaregidi776@gmail.com', 'SSC', '2010-09-16', 'Male', 'Un Married', 'Hindu', 'SC', 'Sivvam', 'Garugubilli', 'Parvathipuram Manyam', 'Andhra Pradesh', 535463, '', '', '', '', '2025-04-14 06:03:04', NULL, 63, 37, 57, 37, 43, 63),
(1576, 'SPHOA2546', 'Kuppila Swaroop Kumar', 'Kuppila Tirupati Rao', 607276354284, 9640495630, 'tirupatiraokuppili787@gmail.com', 'SSC', '2010-04-03', 'Male', 'Un Married', 'Hindu', 'SC', 'Sivvam', 'Garugubilli', 'Parvathipuram Manyam', 'Andhra Pradesh', 535463, '', '', '', '', '2025-04-14 06:08:35', NULL, 62, 37, 57, 37, 43, 62),
(1577, 'SPHOA2547', 'Regidi Durga Prasad', 'Regidi Appalaswami', 964308733714, 9949150641, 'hariragedu@gmail.com', 'SSC', '2010-07-28', 'Male', 'Un Married', 'Hindu', 'SC', 'Sivvam', 'Parvathipuram', 'Parvathipuram Manyam', 'Andhra Pradesh', 535501, '', '', '', '', '2025-04-15 03:57:16', NULL, 62, 37, 57, 37, 43, 62),
(1578, 'SPHOA2548', 'Ubbisetti Udaya Lakshmi', 'Ubbisetti Suribabu', 973890482031, 8333933936, '', 'Intermediate', '2008-12-11', 'Female', 'Un Married', 'Hindu', 'BC-B', 'Parvathipuram', 'Parvathipuram', 'Parvathipuram Manyam', 'Andhra Pradesh', 535501, '', '', '', '', '2025-04-15 04:09:41', NULL, 62, 37, 57, 37, 43, 62),
(1579, 'SPHOA2549', 'Palaka Lavanya', 'Palaka Sankar', 886897882460, 8100164199, '', 'Intermediate', '2001-03-27', 'Female', 'Un Married', 'Hindu', 'SC', 'Chinapedumu', 'Rayagada', 'Vizianagaram', 'Andhra Pradesh', 765002, '', '', '', '', '2025-04-15 04:43:33', NULL, 63, 37, 57, 37, 43, 63),
(1580, 'SPHOA2550', 'Palaka Santhi Kumar', 'Palaka Chinna', 520076264040, 8328524080, 'palakasanthikumar@gmail.com', 'Intermediate', '2004-08-17', 'Male', 'Un Married', 'Hindu', 'SC', 'Kuneru', 'Parvathipuram', 'Parvathipuram Manyam', 'Andhra Pradesh', 535521, '', '', '', '', '2025-04-15 04:46:58', NULL, 63, 37, 57, 37, 43, 63),
(1581, 'SPHOA2551', 'Kuttu Swathi', 'Kuttu Manmadha Rao', 845212181640, 6305192790, 'swathiswathi5263@gmail.com', 'Graduation', '2004-08-30', 'Female', 'Un Married', 'Hindu', 'SC', 'Kothavalasa', 'Parvathipuram', 'Parvathipuram Manyam', 'Andhra Pradesh', 535501, '', '', '', '', '2025-04-15 05:19:12', NULL, 60, 37, 57, 37, 44, 60),
(1582, 'SPHOA2552', 'Pola Kavya', 'Pola Thata Babu', 652232428054, 7780583634, '', 'Intermediate', '2008-05-09', 'Female', 'Un Married', 'Hindu', 'ST', 'Nadamigadaba Valasa', 'Parvathipuram', 'Parvathipuram Manyam', 'Andhra Pradesh', 535522, '', '', '', '', '2025-04-16 04:04:06', NULL, 63, 37, 57, 37, 43, 63),
(1583, 'SPHOA2553', 'Pola Jasmin', 'Pola Srinivasa Rao', 850305739815, 8790731352, '', 'SSC', '2010-03-31', 'Female', 'Un Married', 'Hindu', 'ST', 'Nadimi Gadaba Valasa', 'Parvathipuram', 'Parvathipuram Manyam', 'Andhra Pradesh', 535522, '', '', '', '', '2025-04-16 04:09:29', NULL, 63, 37, 57, 37, 43, 63),
(1584, 'SPHOA2554', 'Padala Manohar', 'Padala Srinu', 340666969675, 6302418896, '', 'SSC', '2010-09-07', 'Male', 'Un Married', 'Hindu', 'SC', 'Naviri,Kottavalasa', 'Parvathipuram', 'Parvathipuram Manyam', 'Andhra Pradesh', 535501, '', '', '', '', '2025-04-16 04:50:36', NULL, 61, 37, 57, 37, 43, 61),
(1585, 'SPHOA2555', 'Thota Kiranmai', 'Thota Somayya', 297210611949, 9502692612, '', 'Intermediate', '2007-09-26', 'Male', 'Un Married', 'Hindu', 'SC', 'Pedabogila', 'Seethanagaram ', 'Parvathipuram Manyam', 'Andhra Pradesh', 535546, '', '', '', '', '2025-04-16 06:31:48', NULL, 61, 37, 57, 37, 43, 61),
(1586, 'SPHOA2556', 'Thota Sanjana', 'Thota Sankara Rao', 999745121643, 7674864367, '', 'SSC', '2010-06-30', 'Female', 'Un Married', 'Hindu', 'SC', 'Balagudaba', 'Parvathipuram', 'Parvathipuram Manyam', 'Andhra Pradesh', 535501, '', '', '', '', '2025-04-16 09:19:28', NULL, 63, 37, 57, 37, 43, 63),
(1587, 'SPHOA2557', 'Kondagorri Chiranjeevi', 'Kondagorri Ramaswamy', 231559254522, 9392494971, 'sarojiniramaswamy004@gmail.com', 'Graduation', '2005-06-15', 'Male', 'Un Married', 'Hindu', 'SC', 'Kuneru', 'Parvathipuram ', 'Parvathipuram Manyam', 'Andhra Pradesh', 535521, '', '', '', '', '2025-04-16 09:29:52', NULL, 63, 37, 57, 37, 43, 63),
(1589, 'SPHOA2559', 'Meenaka Chinaveeraraju', 'Meenaka Ramarao', 89489646659, 6303149338, 'rajuchinna472@gmail.com', 'Intermediate', '2003-05-20', 'Male', 'Un Married', 'Hindu', 'SC', 'Pusedu', 'Parvathipuram', 'Parvathipuram Manyam', 'Andhra Pradesh', 535521, '', '', '', '', '2025-04-17 05:30:38', NULL, 63, 37, 57, 37, 43, 63),
(1593, 'SPHOA2561', 'Pakki Deena', 'Pakki Giri', 766467323979, 7989455756, 'deenapakki39@gmail.com', 'Intermediate', '2003-06-19', 'Female', 'Un Married', 'Hindu', 'SC', 'Viswambarapuram', 'Parvathipuram', 'Parvathipuram Manyam', 'Andhra Pradesh', 535522, '', '', '', '', '2025-04-21 03:51:57', NULL, 63, 37, 57, 37, 43, 63),
(1595, 'SPHOA2562', 'Gedela Teja Swaroop', 'Gedela Dattatreya', 965174992710, 6303977407, 'g.tejaswarup@gmail.com', 'Intermediate', '2002-04-18', 'Male', 'Un Married', 'Hindu', 'ST', 'Gasaravanivalasa', 'Parvathipuram', 'Parvathipuram Manyam', 'Andhra Pradesh', 535527, '', '', '', '', '2025-04-21 09:46:49', NULL, 63, 37, 57, 37, 43, 63),
(1596, 'SPHOA2563', 'Regidi Sagar', 'Regidi Regayya', 614904454504, 9390398758, 'sagar6regidi@gmail.com', 'SSC', '2009-05-20', 'Male', 'Un Married', 'Hindu', 'SC', 'Sivvam', 'Garugubilli', 'Parvathipuram Manyam', 'Andhra Pradesh', 535463, '', '', '', '', '2025-04-22 03:56:13', NULL, 63, 37, 57, 37, 43, 63),
(1597, 'SPHOA2564', 'Porapu Sowndharya', 'Porapu Krishna', 702705244050, 7382646346, '', 'Graduation', '1993-05-10', 'Female', 'Married', 'Hindu', 'SC', 'Parvathipuram', 'Parvathipuram', 'Parvathipuram Manyam', 'Andhra Pradesh', 535501, '', '', '', '', '2025-04-22 04:05:15', NULL, 60, 37, 57, 37, 44, 60),
(1604, 'SPHOA2565', 'Gandhavarapu Vaishnava Kumar', 'Gandhavarapu Ramana Murthy', 608787590184, 6304395164, '', 'SSC', '2009-08-15', 'Male', 'Un Married', 'Hindu', 'BC-D', 'Parvathipuram', 'Parvathipuram', 'Parvathipuram Manyam', 'Andhra Pradesh', 535501, '', '', '', '', '2025-04-23 10:28:57', NULL, 63, 37, 57, 37, 43, 63),
(1605, 'SPHOA2566', 'Pasupureddy Sadvek', 'Pasupureddy Apparao', 924555379557, 7995757412, '', 'Below SSC', '2012-04-01', 'Male', 'Un Married', 'Hindu', 'SC', 'Behinipatikerada', 'Kalyanasingpur', 'Vizianagaram', 'Andhra Pradesh', 765002, '', '', '', '', '2025-04-24 03:49:51', NULL, 63, 37, 57, 37, 43, 63),
(1607, 'SPHOA2568', 'Nagulu Pawan Kumar', 'Nagulu Ramakrishna', 565333265296, 9247555366, 'nrk92475555366@gmail.com', 'Below SSC', '2012-09-16', 'Male', 'Un Married', 'Hindu', 'OC', 'Parvathipuram', 'Parvathipuram', 'Parvathipuram Manyam', 'Andhra Pradesh', 535501, '', '', '', '', '2025-04-24 10:01:53', NULL, 63, 37, 57, 37, 43, 63),
(1608, 'SPHOA2569', 'Baviripudi Mounika', 'Baviripudi Srinivasarao', 887928514927, 9618144779, 'aumsw07srinu@gmail.com', 'Below SSC', '2012-11-29', 'Female', 'Un Married', 'Hindu', 'BC-D', 'Parvathipuram', 'Parvathipuram', 'Parvathipuram Manyam', 'Andhra Pradesh', 535522, '', '', '', '', '2025-04-24 11:57:07', NULL, 63, 37, 57, 37, 43, 63),
(1611, 'SPHOA2572', 'Barakala Sowmya', 'Barakala Poli', 572984642075, 7605028038, '', 'Intermediate', '2008-12-10', 'Female', 'Un Married', 'Hindu', 'BC-B', 'Seethanagaram', 'Parvathipuram', 'Parvathipuram Manyam', 'Andhra Pradesh', 535501, '', '', '', '', '2025-04-30 04:45:13', NULL, 64, 37, 57, 37, 43, 64),
(1612, 'SPHOA2573', 'Palakonda Madhuri Lakshmi', 'Palakonda Mahesh', 210619967254, 7095108379, '', 'Intermediate', '2007-12-23', 'Female', 'Un Married', 'Hindu', 'BC-B', 'Antipeeta', 'Seethanagaram', 'Parvathipuram Manyam', 'Andhra Pradesh', 535546, '', '', '', '', '2025-05-01 04:19:52', NULL, 64, 37, 57, 37, 43, 64),
(1613, 'SPHOA2574', 'Reddi Krishnaveni', 'Reddi Jamaraju', 674438036212, 8985050858, '', 'Intermediate', '2007-10-03', 'Female', 'Un Married', 'Hindu', 'SC', 'Belagam Parvathipuram', 'Parvathipuram', 'Parvathipuram Manyam', 'Andhra Pradesh', 535501, '', '', '', '', '2025-05-01 11:55:25', NULL, 64, 37, 57, 37, 43, 64),
(1614, 'SPHOA2575', 'Kondagorri Aravind', 'Kondagorri Apparao', 353277159370, 8125094331, 'aravindkondagorri447@gmail.com', 'Intermediate', '2009-07-17', 'Male', 'Un Married', 'Hindu', 'ST', 'Konavalasa', 'Komarada', 'Parvathipuram Manyam', 'Andhra Pradesh', 535521, '', '', '', '', '2025-05-02 04:12:52', NULL, 64, 37, 57, 37, 43, 64),
(1615, 'SPHOA2576', 'Vuriti Jeevan Kumar', 'Vuriti  Praveen Kumar', 894578863951, 9949414447, '', 'Below SSC', '2012-08-18', 'Male', 'Un Married', 'Hindu', 'BC-D', 'Venkata Raja Puram', 'Jiyyamma Valasa', 'Parvathipuram Manyam', 'Andhra Pradesh', 535526, '', '', '', '', '2025-05-02 04:47:25', NULL, 64, 37, 57, 37, 43, 64),
(1616, 'SPHOA2577', 'Kondagorri Vinay', 'Kondagorri Ashok', 927332002621, 8522893723, '', 'Intermediate', '2009-06-28', 'Male', 'Un Married', 'Hindu', 'ST', 'Thampallapadu', 'Kurupam', 'Parvathipuram Manyam', 'Andhra Pradesh', 535534, '', '', '', '', '2025-05-02 05:49:42', NULL, 64, 37, 57, 37, 43, 64),
(1617, 'SPHOA2578', 'Kimmi Adi Sai', 'Kimmi Chinnarao', 529533052387, 7569293453, '', 'Intermediate', '2008-07-01', 'Male', 'Un Married', 'Hindu', 'ST', 'Gocheka', 'Parvathipuram', 'Parvathipuram Manyam', 'Andhra Pradesh', 535527, '', '', '', '', '2025-05-02 08:47:12', NULL, 64, 37, 57, 37, 43, 64),
(1619, 'SPHOA2580', 'Janni Chamanthi', 'Janni Ramarao', 856568636763, 9059410812, '', 'Intermediate', '2009-08-17', 'Female', 'Un Married', 'Hindu', 'ST', 'Konavalasa', 'Parvathipuram', 'Parvathipuram Manyam', 'Andhra Pradesh', 535521, '', '', '', '', '2025-05-03 04:47:49', NULL, 64, 37, 57, 37, 43, 64),
(1620, 'SPHOA2581', 'Routhu Vasudeva Sai', 'Routhu Poliraju', 305292925986, 7780143025, 'vasudevasai32@gmail.com', 'SSC', '2009-12-04', 'Male', 'Un Married', 'Hindu', 'BC-D', 'Parvathipuram', 'Parvathipuram', 'Parvathipuram Manyam', 'Andhra Pradesh', 535501, '', '', '', '', '2025-05-03 05:21:38', NULL, 64, 37, 57, 37, 43, 64),
(1621, 'SPHOA2582', 'Punnapureddy Jagan', 'Punnapureddy Appalaraju', 766826451109, 9550593119, 'punnapureddyjagan@gmail.com', 'Intermediate', '2006-03-19', 'Male', 'Un Married', 'Hindu', 'BC-D', 'Parvathipuram', 'Parvathipuram', 'Parvathipuram Manyam', 'Andhra Pradesh', 535501, '', '', '', '', '2025-05-03 05:27:15', NULL, 64, 37, 57, 37, 43, 64),
(1623, 'SPHOA2584', 'Vuriti Avinash', 'Vuriti Umamaheswararao', 920717082689, 8008310323, '', 'Below SSC', '2012-06-27', 'Male', 'Un Married', 'Hindu', 'BC-D', 'Venkakatarajapuram', 'Jiyyammavalasa', 'Parvathipuram Manyam', 'Andhra Pradesh', 535526, '', '', '', '', '2025-05-05 04:07:01', NULL, 64, 37, 57, 37, 43, 64),
(1626, 'SPHOA2587', 'Reddi Sugandha Sadhana', 'Reddi Jamaraju', 825819845492, 9701846659, 'reddysugandhasadhana@gmail.com', 'Intermediate', '2006-06-27', 'Female', 'Un Married', 'Hindu', 'SC', 'Parvathipuram', 'Parvathipuram', 'Parvathipuram Manyam', 'Andhra Pradesh', 535501, '', '', '', '', '2025-05-05 06:46:31', NULL, 64, 37, 57, 37, 43, 64),
(1627, 'SPHOA2588', 'Nagula Sanjana', 'Nagula Shiva', 563159591351, 7799313711, '', 'Intermediate', '2009-04-27', 'Female', 'Un Married', 'Hindu', 'SC', 'Parvathipuram', 'Parvathipuram', 'Parvathipuram Manyam', 'Andhra Pradesh', 535501, '', '', '', '', '2025-05-06 05:04:37', NULL, 64, 37, 57, 37, 43, 64),
(1628, 'SPHOA2589', 'Sasubilli Jaswanth Naidu', 'Sasubilli Srinivasarao', 273211600467, 9177270290, '', 'Below SSC', '2012-05-11', 'Male', 'Un Married', 'Hindu', 'BC-D', 'Parvathipuram', 'Parvathipuram', 'Parvathipuram Manyam', 'Andhra Pradesh', 535501, '', '', '', '', '2025-05-06 05:15:13', NULL, 64, 37, 57, 37, 43, 64),
(1629, 'SPHOA2590', 'Sasubilli Aneesha', 'Sasubilli Srinivasarao', 544999483664, 9177270290, '', 'Below SSC', '2014-04-03', 'Female', 'Un Married', 'Hindu', 'BC-D', 'Parvathipuram', 'Parvathipuram', 'Parvathipuram Manyam', 'Andhra Pradesh', 535501, '', '', '', '', '2025-05-06 05:18:11', NULL, 64, 37, 57, 37, 43, 64),
(1631, 'SPHOA2592', 'Kotina Suchi', 'Kotina Ajay Kumar', 425920520947, 9666405250, 'suchikotina@gmail.com', 'Below SSC', '2013-08-02', 'Female', 'Un Married', 'Hindu', 'BC-D', 'Parvathipuram', 'Parvathipuram', 'Parvathipuram Manyam', 'Andhra Pradesh', 535501, '', '', '', '', '2025-05-06 06:41:10', NULL, 64, 37, 57, 37, 43, 64),
(1632, 'SPHOA2593', 'Gadi Sateesh', 'Gadi Subramanyam', 717889844156, 7702902712, '', 'SSC', '2011-08-09', 'Male', 'Un Married', 'Hindu', 'BC-D', 'Venkatarajapuram', 'Jiyyammavalasa', 'Parvathipuram Manyam', 'Andhra Pradesh', 535526, '', '', '', '', '2025-05-07 05:02:00', NULL, 64, 37, 57, 37, 43, 64),
(1635, 'SPHOA2595', 'Tadangi Charan', 'Thadangi Kameswararao', 999799704328, 8522893723, '', 'Intermediate', '2008-06-29', 'Male', 'Un Married', 'Hindu', 'ST', 'Chollapudam', 'Komarada', 'Parvathipuram Manyam', 'Andhra Pradesh', 535521, '', '', '', '', '2025-05-08 04:34:47', NULL, 67, 37, 57, 37, 43, 67),
(1636, 'SPHOA2596', 'Nandivada Dharma Teja', 'Nandivada Eswara Rao', 597808896608, 7569896007, '', 'Intermediate', '2009-06-08', 'Male', 'Un Married', 'Hindu', 'ST', 'Sangam Valasa', 'Parvathipuram', 'Parvathipuram Manyam', 'Andhra Pradesh', 535522, '', '', '', '', '2025-05-08 05:02:27', NULL, 64, 37, 57, 37, 43, 64),
(1637, 'SPHOA2597', 'Savarapu Yamini', 'Savarapu Krushnarao', 260723372337, 9948490639, '', 'SSC', '2009-07-07', 'Female', 'Un Married', 'Hindu', 'SC', 'Pedabhogila', 'Seethanagaram', 'Parvathipuram Manyam', 'Andhra Pradesh', 535546, '', '', '', '', '2025-05-08 06:52:51', NULL, 67, 37, 57, 37, 43, 67),
(1639, 'SPHOA2599', 'Kondagorri Swathi', 'Kondagorri Krishna', 608819291514, 9959336083, '', 'Graduation', '2007-03-25', 'Female', 'Un Married', 'Hindu', 'ST', 'Seesadavalasa', 'Parvathipuram', 'Parvathipuram Manyam', 'Andhra Pradesh', 535521, '', '', '', '', '2025-05-09 05:38:27', NULL, 67, 37, 57, 37, 43, 67),
(1640, 'SPHOA2600', 'Mari Anjali', 'Mari Buchhiyya', 642009013029, 9959336083, '', 'Graduation', '2005-07-24', 'Female', 'Un Married', 'Hindu', 'ST', 'Mula Valasa', 'Makkuva', 'Parvathipuram Manyam', 'Andhra Pradesh', 535547, '', '', '', '', '2025-05-09 05:45:33', NULL, 67, 37, 57, 37, 43, 67),
(1641, 'SPHOA2601', 'Pattika Rahul', 'Pattika Tavitayya', 975651653662, 9392147945, '', 'Intermediate', '2008-02-19', 'Male', 'Un Married', 'Hindu', 'ST', 'Rella', 'G L Puram', 'Parvathipuram Manyam', 'Andhra Pradesh', 535523, '', '', '', '', '2025-05-09 08:33:02', NULL, 68, 37, 57, 37, 43, 68),
(1644, 'SPHOA2604', 'Bongu Anusha', 'Bongu Srinivasa Rao', 986917708739, 8688153793, '', 'Graduation', '2000-11-27', 'Female', 'Un Married', 'Hindu', 'BC-D', 'Serthayyapeta', 'Bobbili', 'Parvathipuram Manyam', 'Andhra Pradesh', 535573, '', '', '', '', '2025-05-10 04:47:24', NULL, 64, 37, 57, 37, 43, 64),
(1645, 'SPHOA2605', 'Kondagorri Ashish', 'Kondagorri Babu Rao', 241174915402, 9133042489, 'ashishlovely23@gmail.com', 'Graduation', '2004-06-10', 'Male', 'Un Married', 'Hindu', 'ST', 'Pedamariki', 'Parvathipuram', 'Parvathipuram Manyam', 'Andhra Pradesh', 535501, '', '', '', '', '2025-05-10 06:02:55', NULL, 67, 37, 57, 37, 43, 67),
(1646, 'SPHOA2606', 'Jammu Pavithra', 'Jammu Raju Kumar', 949509545576, 9182139652, '', 'SSC', '2009-07-04', 'Female', 'Un Married', 'Hindu', 'SC', 'Harijana Street,Belagam', 'Parvathipuram', 'Parvathipuram Manyam', 'Andhra Pradesh', 535501, '', '', '', '', '2025-05-12 05:45:14', NULL, 67, 37, 57, 37, 43, 67),
(1647, 'SPHOA2607', 'Chandanapalli Harika', 'Chandanapalli Madhusudana Rao', 699918169455, 8978895130, 'harikachadanapalli@gmail.com', 'Graduation', '2005-11-20', 'Female', 'Un Married', 'Hindu', 'BC-D', 'Pininti Raminayuduvalasa', 'Parvathipuram', 'Parvathipuram Manyam', 'Andhra Pradesh', 535501, '', '', '', '', '2025-05-12 07:25:36', NULL, 67, 37, 57, 37, 43, 67),
(1648, 'SPHOA2608', 'Kola Abishek', 'Kola Ganesh', 852928121062, 9346217383, '', 'Graduation', '2007-06-11', 'Male', 'Un Married', 'Hindu', 'SC', 'Parvathipuram', 'Parvathipuram', 'Parvathipuram Manyam', 'Andhra Pradesh', 535501, '', '', '', '', '2025-05-13 05:41:30', NULL, 67, 37, 57, 37, 43, 67),
(1649, 'SPHOA2609', 'Kola Harsha', 'Kola Mariyadasu', 707627522751, 6301405609, '', 'Graduation', '2007-05-21', 'Male', 'Un Married', 'Hindu', 'SC', 'Parvathipuram', 'Parvathipuram', 'Parvathipuram Manyam', 'Andhra Pradesh', 535501, '', '', '', '', '2025-05-13 05:45:49', NULL, 67, 37, 57, 37, 43, 67),
(1650, 'SPHOA2610', 'Vuriti Kavya', 'Vuriti Praveen', 540304895644, 8886480073, '', 'Graduation', '2006-06-26', 'Female', 'Un Married', 'Hindu', 'BC-D', 'Venkatarajapuram', 'Jiyyammavalasa', 'Parvathipuram Manyam', 'Andhra Pradesh', 535526, '', '', '', '', '2025-05-14 04:54:15', NULL, 64, 37, 57, 37, 43, 64),
(1651, 'SPHOA2611', 'Peddinti Pavani', 'Peddinti Bujji', 874942863618, 9502360176, '', 'Intermediate', '2009-06-17', 'Female', 'Un Married', 'Hindu', 'SC', 'Chokkapuvanivalasa', 'Parvathipuram', 'Parvathipuram Manyam', 'Andhra Pradesh', 535522, '', '', '', '', '2025-05-14 05:35:44', NULL, 67, 37, 57, 37, 43, 67),
(1652, 'SPHOA2612', 'Meesala Sampath', 'Meesala Bullibabu', 305930830050, 9177956528, 'msltarun366@gmail.com', 'Intermediate', '2006-03-15', 'Male', 'Un Married', 'Hindu', 'SC', 'Chinamerangi', 'Parvathipuram', 'Parvathipuram Manyam', 'Andhra Pradesh', 535501, '', '', '', '', '2025-05-14 07:08:35', NULL, 67, 37, 57, 37, 43, 67),
(1653, 'SPHOA2613', 'Palaka Lavanya', 'Palaka Sankar', 886897882460, 8144164199, '', 'Intermediate', '2001-03-27', 'Female', 'Un Married', 'Hindu', 'SC', 'Chinnapedumu', 'Rayagada', 'Parvathipuram Manyam', 'Andhra Pradesh', 765002, '', '', '', '', '2025-05-15 05:08:21', NULL, 69, 37, 57, 37, 44, 69),
(1654, 'SPHOA2614', 'Gunapu Eprahyamu', 'Gunapu Paidayya', 296373851158, 9059116263, 'siddharthgunapusiddharth@gmail.com', 'Intermediate', '2009-12-09', 'Male', 'Un Married', 'Hindu', 'Select', 'Kothulagumada', 'Vangara', 'Parvathipuram Manyam', 'Andhra Pradesh', 532461, '', '', '', '', '2025-05-15 05:19:38', NULL, 67, 37, 57, 37, 43, 67),
(1655, 'SPHOA2615', 'Palaka Akesh', 'Palaka Srihari', 478431463225, 7382213176, '', 'Intermediate', '2007-08-15', 'Male', 'Un Married', 'Hindu', 'ST', 'Rella', 'Gummalaxmipuram', 'Parvathipuram Manyam', 'Andhra Pradesh', 535523, '', '', '', '', '2025-05-15 06:36:18', NULL, 68, 37, 57, 37, 43, 68),
(1656, 'SPHOA2616', 'Uyaka Rakesh Kumar', 'Uyaka Viswanadham', 230942606420, 9110762779, '', 'Intermediate', '2008-06-10', 'Male', 'Un Married', 'Hindu', 'ST', 'Iridi', 'G L  Puram', 'Parvathipuram Manyam', 'Andhra Pradesh', 535523, '', '', '', '', '2025-05-15 06:45:33', NULL, 68, 37, 57, 37, 43, 68),
(1657, 'SPHOA2617', 'Paspureddy Rohit', 'Paspureddy Trinath', 274829951292, 6372141119, 'chintuteddyp07@gmail.com', 'SSC', '2009-01-08', 'Male', 'Un Married', 'Hindu', 'SC', 'Chinnapedumu', 'Kalyanasingupur', 'Parvathipuram Manyam', 'Andhra Pradesh', 765002, '', '', '', '', '2025-05-16 03:53:19', NULL, 67, 37, 57, 37, 43, 67),
(1660, 'SPHOA2618', 'Korada Purvi', 'Korada Venkata Rao', 398844562517, 9703909181, 'ventaraokorada80@gmail.com', 'Below SSC', '2012-05-03', 'Female', 'Un Married', 'Hindu', 'BC-D', 'Parvathipuram', 'Parvathipuram', 'Parvathipuram Manyam', 'Andhra Pradesh', 535501, '', '', '', '', '2025-05-16 06:11:51', NULL, 67, 37, 57, 37, 43, 67),
(1661, 'SPHOA2619', 'Korada Sanjay', 'Korada Venkata Rao', 575860350611, 9703909181, 'venkataraokorada80@gmail.com', 'Below SSC', '2014-03-28', 'Male', 'Un Married', 'Hindu', 'BC-D', 'Parvathipuram', 'Parvathipuram', 'Parvathipuram Manyam', 'Andhra Pradesh', 535501, '', '', '', '', '2025-05-16 06:15:41', NULL, 67, 37, 57, 37, 43, 67),
(1662, 'SPHOA2620', 'Gummadi Devi', 'Gummadi Bhanu Prakash', 569690637942, 6309736258, '', 'Intermediate', '2006-05-29', 'Female', 'Un Married', 'Hindu', 'ST', 'Buddemmakharja', 'G L Puram', 'Parvathipuram Manyam', 'Andhra Pradesh', 535524, '', '', '', '', '2025-05-19 04:31:28', NULL, 68, 37, 57, 37, 43, 68),
(1663, 'SPHOA2621', 'Kota Sowmya', 'Kota Satyannarayana', 780811890620, 7794018563, '', 'Intermediate', '2008-05-28', 'Female', 'Un Married', 'Hindu', 'BC-D', 'Venkatarayudupeta', 'Parvathipuram', 'Parvathipuram Manyam', 'Andhra Pradesh', 535522, '', '', '', '', '2025-05-19 05:00:19', NULL, 67, 37, 57, 37, 43, 67),
(1664, 'SPHOA2622', 'Tentu Charan Teja', 'Tentu Ramakrishna', 313892131660, 6301852718, '', 'SSC', '2008-04-06', 'Male', 'Un Married', 'Hindu', 'BC-D', 'Balagudaba', 'Parvathipuram', 'Parvathipuram Manyam', 'Andhra Pradesh', 535501, '', '', '', '', '2025-05-23 04:09:57', NULL, 68, 37, 57, 37, 43, 68),
(1665, 'SPHOA2623', 'Palaka Santhi Kumar', 'Palaka Chinna', 520076264040, 8328524080, '', 'Intermediate', '2004-08-17', 'Male', 'Un Married', 'Hindu', 'SC', 'Kuneru', 'Parvathipurama', 'Parvathipuram Manyam', 'Andhra Pradesh', 535521, '', '', '', '', '2025-05-23 04:28:41', NULL, 69, 37, 57, 37, 44, 69),
(1669, 'SPHOA2624', 'Mutchu Venkata Ramana', 'Mutchu Appala Swamy', 740595622587, 7893792533, '', 'Graduation', '2000-06-14', 'Female', 'Un Married', 'Hindu', 'BC-B', 'Kanamapudoravalasa', 'Jiyyammavalasa', 'Parvathipuram Manyam', 'Andhra Pradesh', 535526, '', '', '', '', '2025-05-24 04:19:35', NULL, 66, 37, 57, 37, 46, 66),
(1670, 'SPHOA2625', 'Gara Jagadeesh', 'Gara Simhachalam', 531743896141, 9390831768, '', 'Intermediate', '2003-07-10', 'Male', 'Un Married', 'Hindu', 'BC-D', 'Addapuseela', 'Parvathipuram', 'Parvathipuram Manyam', 'Andhra Pradesh', 535501, '', '', '', '', '2025-05-24 04:33:43', NULL, 66, 37, 57, 37, 46, 66),
(1671, 'SPHOA2626', 'Pola Thanuja', 'Pola Durga Prasad', 468953717830, 9959433824, '', 'SSC', '2005-05-06', 'Female', 'Un Married', 'Hindu', 'ST', 'Nadimigadhabavalasa', 'Parvathipuram', 'Parvathipuram Manyam', 'Andhra Pradesh', 535522, '', '', '', '', '2025-05-24 05:39:06', NULL, 66, 37, 57, 37, 46, 66),
(1673, 'SPHOA2628', 'Addakula Tulasi', 'Addakula Venkata Ramana', 693310101376, 7569495802, '', 'Intermediate', '2008-01-30', 'Female', 'Un Married', 'Hindu', 'ST', 'Kitchada', 'Kurupam', 'Parvathipuram Manyam', 'Andhra Pradesh', 535522, '', '', '', '', '2025-05-24 05:54:04', NULL, 68, 37, 57, 37, 43, 68),
(1674, 'SPHOA2629', 'Nandivada Sravanthi', 'Nandivada Lakshmana', 754606699925, 7569495802, '', 'Intermediate', '2006-03-05', 'Female', 'Un Married', 'Hindu', 'ST', 'Kitchada', 'Kurupam', 'Parvathipuram Manyam', 'Andhra Pradesh', 535522, '', '', '', '', '2025-05-24 05:57:45', NULL, 68, 37, 57, 37, 43, 68),
(1675, 'SPHOA2630', 'Pappala Srilatha', 'Pappala Adi Narayana', 592067055519, 7601004993, 'srilathapappala1@gmail.com', 'Graduation', '2000-05-18', 'Female', 'Un Married', 'Hindu', 'BC-D', 'Venkatarayudupeta', 'Parvathipuram', 'Parvathipuram Manyam', 'Andhra Pradesh', 535522, '', '', '', '', '2025-05-26 04:19:22', NULL, 69, 37, 57, 37, 44, 69),
(1678, 'SPHOA2633', 'Bankuru Sai Kumar', 'Bankuru Appala Naidu', 385215197471, 9642050017, 'saikumarbankuru05@gmail.com', 'Graduation', '2000-05-13', 'Male', 'Un Married', 'Hindu', 'BC-D', 'Khadgavalasa', 'Garugubilli', 'Parvathipuram Manyam', 'Andhra Pradesh', 535255, '', '', '', '', '2025-06-05 07:45:09', NULL, 66, 37, 57, 37, 46, 66),
(1679, 'SPHOA2634', 'Chipurupalli Tulasi', 'Chipurupalli Gowrisankar Rao', 477178273978, 9346322868, '', 'Intermediate', '2007-09-08', 'Female', 'Un Married', 'Hindu', 'BC-A', 'Krishnapalli', 'Parvathipuram', 'Parvathipuram Manyam', 'Andhra Pradesh', 535501, '', '', '', '', '2025-06-06 04:52:58', NULL, 67, 37, 57, 37, 43, 67),
(1680, 'SPHOA2635', 'Vishal Gour', 'Rajeshkumar Gour', 441504631047, 9885524362, '', 'Intermediate', '2006-02-02', 'Male', 'Un Married', 'Hindu', 'OC', 'Parvathipuram', 'Parvathipuram', 'Parvathipuram Manyam', 'Andhra Pradesh', 535501, '', '', '', '', '2025-06-07 05:58:34', NULL, 70, 37, 57, 37, 43, 70),
(1682, 'SPHOA2637', 'Digadari Dinesh Kumar', 'Digadari Raju', 951763544191, 8187835377, '', 'Intermediate', '2008-05-10', 'Male', 'Un Married', 'Hindu', 'BC-A', 'Parvathipuram', 'Parvathipuram', 'Parvathipuram Manyam', 'Andhra Pradesh', 535501, '', '', '', '', '2025-06-07 06:40:04', NULL, 70, 37, 57, 37, 43, 70),
(1683, 'SPHOA2638', 'Gurala Pallavi', 'Gurala Ravikumar', 924007764200, 8019836145, '', 'Intermediate', '2007-02-12', 'Female', 'Un Married', 'Hindu', 'OC', 'Pedabondapalli', 'Parvathipuram', 'Parvathipuram Manyam', 'Andhra Pradesh', 535527, '', '', '', '', '2025-06-07 06:43:22', NULL, 72, 37, 57, 37, 43, 72),
(1684, 'SPHOA2639', 'Sunkari Abhishek', 'Sunkari Rama Krishna', 637942849613, 8374795004, 'sunkariabhishek753@gmail.com', 'Intermediate', '2008-02-24', 'Male', 'Un Married', 'Hindu', 'BC-D', 'Venkampeta', 'Parvathipuram', 'Parvathipuram Manyam', 'Andhra Pradesh', 535501, '', '', '', '', '2025-06-11 04:44:55', NULL, 70, 37, 57, 37, 43, 70),
(1685, 'SPHOA2640', 'Senam Tejaswini', 'Senam Jaganmohan Rao', 696074832671, 8639240112, 'sanamtejaswini143@gmail.com', 'Intermediate', '2008-02-26', 'Female', 'Un Married', 'Hindu', 'OC', 'Kottavalasa', 'Parvathipuram', 'Parvathipuram Manyam', 'Andhra Pradesh', 535501, '', '', '', '', '2025-06-11 05:23:23', NULL, 70, 37, 57, 37, 43, 70),
(1686, 'SPHOA2641', 'Gangada Gowri Shankar', 'Gangada Sankararao', 953906417338, 9502994681, 'gangadagowrisankar16@gmail.com', 'Intermediate', '2006-05-01', 'Male', 'Un Married', 'Hindu', 'BC-B', 'Krishnapalli', 'Parvathipuram', 'Parvathipuram Manyam', 'Andhra Pradesh', 535501, '', '', '', '', '2025-06-11 05:27:37', NULL, 70, 37, 57, 37, 43, 70),
(1687, 'SPHOA2642', 'Gangada Saikiran', 'Gangada Sangayya', 512264817046, 9573691210, 'gangadasaikiran82@gmail.com', 'Intermediate', '2007-08-03', 'Male', 'Un Married', 'Hindu', 'BC-B', 'Krishnapalli', 'Parvathipuram', 'Parvathipuram Manyam', 'Andhra Pradesh', 535501, '', '', '', '', '2025-06-11 05:33:34', NULL, 70, 37, 57, 37, 43, 70),
(1688, 'SPHOA2643', 'Penki Meghana', 'Penki Srinivasarao', 703463491418, 9848012295, 'meghanapenki@gmail.com', 'Intermediate', '2007-11-03', 'Female', 'Un Married', 'Hindu', 'BC-D', 'Parvathipuram', 'Parvathipuram', 'Parvathipuram Manyam', 'Andhra Pradesh', 535501, '', '', '', '', '2025-06-11 05:57:28', NULL, 70, 37, 57, 37, 43, 70),
(1689, 'SPHOA2644', 'Varada Bhargavi', 'Varada Sankara Rao', 616726304593, 9676817806, 'bhargavivarada7@gmail.com', 'Intermediate', '2008-03-01', 'Female', 'Un Married', 'Hindu', 'BC-D', 'Gunanapuram', 'Komarada', 'Parvathipuram Manyam', 'Andhra Pradesh', 535525, '', '', '', '', '2025-06-11 06:11:46', NULL, 70, 37, 57, 37, 43, 70),
(1690, 'SPHOA2645', ' Bukkuru Poojitha', 'Bukkuru Chandramouli', 797475946865, 7702514123, '', 'Intermediate', '2007-11-05', 'Female', 'Un Married', 'Hindu', 'BC-A', 'Uddavolu', 'Garugubilli', 'Parvathipuram Manyam', 'Andhra Pradesh', 535463, '', '', '', '', '2025-06-13 04:17:15', NULL, 70, 37, 57, 37, 43, 70),
(1691, 'SPHOA2646', 'Pola Siva Sai', 'Pola Swami Naidu', 476234421398, 9676768520, 'sai367575@gmail.com', 'Intermediate', '2007-01-09', 'Male', 'Un Married', 'Hindu', 'BC-D', 'Basangi', 'Jiyyammavalasa', 'Parvathipuram Manyam', 'Andhra Pradesh', 535525, '', '', '', '', '2025-06-13 04:25:16', NULL, 68, 37, 57, 37, 43, 68),
(1692, 'SPHOA2647', 'Dogga Sai Ganesh', 'Dogga Appala Naidu', 354660302996, 9182150045, 'doggasai225@gmail.com', 'Intermediate', '2008-01-18', 'Male', 'Un Married', 'Hindu', 'BC-D', 'Narisipuram', 'Parvathipuram', 'Parvathipuram Manyam', 'Andhra Pradesh', 535501, '', '', '', '', '2025-06-13 04:46:57', NULL, 68, 37, 57, 37, 43, 68),
(1693, 'SPHOA2648', 'Gollapalli Sharmila', 'Gollapalli Shankar Dora', 671456887498, 9490395462, '', 'Intermediate', '2007-09-13', 'Female', 'Un Married', 'Hindu', 'ST', 'Koyyanapeta', 'Parvathipuram', 'Parvathipuram Manyam', 'Andhra Pradesh', 535501, '', '', '', '', '2025-06-13 05:23:34', NULL, 70, 37, 57, 37, 43, 70),
(1694, 'SPHOA2649', 'Gandi Manyatha', 'Gandi Kiran', 532879144297, 9573034898, '', 'Intermediate', '2007-12-03', 'Female', 'Un Married', 'Hindu', 'SC', 'Parvathipuram', 'Parvathipuram', 'Parvathipuram Manyam', 'Andhra Pradesh', 535501, '', '', '', '', '2025-06-13 05:29:59', NULL, 70, 37, 57, 37, 43, 70),
(1695, 'SPHOA2650', 'Yegireddy Roshitha', 'Yegireddy Yellam Naidu', 530836798014, 6309761714, 'maheswariyegireddi@gmail.com', 'Intermediate', '2008-05-18', 'Female', 'Un Married', 'Hindu', 'BC-D', 'Gavarampeta', 'Jiyyammavalasa', 'Parvathipuram Manyam', 'Andhra Pradesh', 535526, '', '', '', '', '2025-06-13 10:32:39', NULL, 70, 37, 57, 37, 43, 70),
(1696, 'SPHOA2651', 'Gadi Vamsi Krishna', 'Gadi Krishna', 361351215542, 7569352041, 'gadivamsikrishana@gmail.com', 'Graduation', '2001-06-13', 'Male', 'Un Married', 'Hindu', 'BC-D', 'Parvathipuram', 'Parvathipuram', 'Parvathipuram Manyam', 'Andhra Pradesh', 535501, '', '', '', '', '2025-06-14 06:42:50', NULL, 68, 37, 57, 37, 43, 68),
(1697, 'SPHOA2652', 'Aguru Nani', 'Aguru Narayana Rao', 597891801044, 9573816031, 'prashad5689@gmail.com', 'Intermediate', '2008-06-01', 'Male', 'Un Married', 'Hindu', 'BC-B', 'Narisipuram', 'Parvathipuram', 'Parvathipuram Manyam', 'Andhra Pradesh', 535501, '', '', '', '', '2025-06-16 06:54:57', NULL, 68, 37, 57, 37, 43, 68),
(1698, 'SPHOA2653', 'Korada Uday Kiran', 'Korada Upendra', 414591923448, 9494333202, 'koradaupendra419@gmail.com', 'Intermediate', '2007-01-10', 'Male', 'Un Married', 'Hindu', 'BC-D', 'Parvathipuram', 'Parvathipuram', 'Parvathipuram Manyam', 'Andhra Pradesh', 535501, '', '', '', '', '2025-06-17 04:15:47', NULL, 70, 37, 57, 37, 43, 70),
(1699, 'SPHOA2654', 'Dharmavarapu Vaishnavi', 'Dharmavarapu Gurumurthy', 916906962066, 9391496054, '', 'Intermediate', '2008-10-09', 'Female', 'Un Married', 'Hindu', 'BC-A', 'Parvathipuram', 'Parvathipuram', 'Parvathipuram Manyam', 'Andhra Pradesh', 535501, '', '', '', '', '2025-06-17 04:22:27', NULL, 70, 37, 57, 37, 43, 70),
(1700, 'SPHOA2655', 'Kotla Ramakrishna', 'Kotla Trinadha', 659933295937, 7569346652, 'ramakrishnakotla7@gmail.com', 'Intermediate', '2006-06-10', 'Male', 'Un Married', 'Hindu', 'BC-A', 'Kodilagumada', 'Vangara', 'Parvathipuram Manyam', 'Andhra Pradesh', 532461, '', '', '', '', '2025-06-17 04:28:12', NULL, 70, 37, 57, 37, 43, 70),
(1701, 'SPHOA2656', 'Nagula Sanjana', 'Nagula Shiva', 563159591351, 7799313711, '', 'Intermediate', '2009-04-27', 'Female', 'Un Married', 'Hindu', 'SC', 'Parvathipuram', 'Parvathipuram', 'Parvathipuram Manyam', 'Andhra Pradesh', 535501, '', '', '', '', '2025-06-17 07:03:40', NULL, 69, 37, 57, 37, 44, 69),
(1702, 'SPHOA2657', 'Alubilli Malathi', 'Alubilli Bhaskara Rao', 870138352772, 9390336495, '', 'Intermediate', '2006-01-20', 'Female', 'Un Married', 'Hindu', 'BC-D', 'Rajulagumada', 'Vangara', 'Parvathipuram Manyam', 'Andhra Pradesh', 532461, '', '', '', '', '2025-06-18 04:14:27', NULL, 72, 37, 57, 37, 43, 72),
(1703, 'SPHOA2658', 'Sidda Swapna', 'Sidda Adinarayana', 715710922059, 7847049482, '', 'Intermediate', '2004-01-16', 'Female', 'Married', 'Hindu', 'OC', 'Jiyyammavalasa', 'Jiyyammavalasa', 'Parvathipuram Manyam', 'Andhra Pradesh', 535526, '', '', '', '', '2025-06-18 04:21:33', NULL, 72, 37, 57, 37, 43, 72),
(1704, 'SPHOA2659', 'Pakki Deena', 'Pakki Giri', 766467323979, 7989455756, 'deenapakki39@gmail.com', 'Intermediate', '2003-06-19', 'Female', 'Un Married', 'Hindu', 'SC', 'Viswambarapuram', 'Parvathipuram', 'Parvathipuram Manyam', 'Andhra Pradesh', 535522, '', '', '', '', '2025-06-18 05:20:58', NULL, 69, 37, 57, 37, 44, 69),
(1705, 'SPHOA2660', 'Addala Nageswari', 'Addala Murali', 415789628153, 9391371522, '', 'Intermediate', '2008-07-12', 'Female', 'Un Married', 'Hindu', 'BC-B', 'Parvathipuram', 'Parvathipuram', 'Parvathipuram Manyam', 'Andhra Pradesh', 535501, '', '', '', '', '2025-06-18 05:26:53', NULL, 70, 37, 57, 37, 43, 70),
(1706, 'SPHOA2661', 'Bonangi Santhoshi', 'Bonangi Ramu', 528564816489, 9676011504, 'santhoshi27@gmail.com', 'Intermediate', '2008-06-21', 'Female', 'Un Married', 'Hindu', 'BC-D', 'Parvathipuram', 'Parvathipuram', 'Parvathipuram Manyam', 'Andhra Pradesh', 535501, '', '', '', '', '2025-06-18 05:54:37', NULL, 70, 37, 57, 37, 43, 70),
(1707, 'SPHOA2662', 'Gedela Varalaxmi', 'Gedela Byragi', 304445283860, 7569635126, 'poluruvara@gmail.com', 'Graduation', '1990-06-10', 'Female', 'Married', 'Hindu', 'BC-D', 'Parvathipuram', 'Parvathipuram', 'Parvathipuram Manyam', 'Andhra Pradesh', 535501, '', '', '', '', '2025-06-19 08:39:43', NULL, 71, 37, 57, 37, 44, 71),
(1708, 'SPHOA2663', 'Gedela Varalaxmi', 'Gedela Byragi', 304445283860, 7569635126, 'poluruvara@gmail.com', 'Graduation', '1990-06-10', 'Female', 'Married', 'Hindu', 'BC-D', 'Parvathipuram', 'Parvathipuram', 'Parvathipuram Manyam', 'Andhra Pradesh', 535501, '', '', '', '', '2025-06-19 08:43:28', NULL, 72, 37, 57, 37, 43, 72),
(1709, 'SPHOA2664', 'Karri Chandu', 'Karri Krisha', 748791942679, 6302632260, 'karrichandu3265@gmail.com', 'Intermediate', '2002-08-28', 'Male', 'Un Married', 'Hindu', 'BC-D', 'Geddaluppi', 'Seethanagaram', 'Parvathipuram Manyam', 'Andhra Pradesh', 535546, '', '', '', '', '2025-06-21 05:56:38', NULL, 72, 37, 57, 37, 43, 72),
(1711, 'SPHOA2666', 'Pediredla Mounika', 'Pediredla Eswara Rao', 684343320935, 9515690339, 'mouni@gmail.com', 'Graduation', '2004-06-19', 'Female', 'Un Married', 'Hindu', 'BC-D', 'Maripivalasa', 'Sitanagaram', 'Parvathipuram Manyam', 'Andhra Pradesh', 535546, '', '', '', '', '2025-06-23 04:41:18', NULL, 72, 37, 57, 37, 43, 72),
(1712, 'SPHOA2667', 'Adhikari Swapna Kumari', 'Adhikari Gangaraju', 662800011379, 9347716694, 'swapnaadhikari1231@gmail.com', 'Graduation', '2004-01-02', 'Female', 'Un Married', 'Hindu', 'BC-D', 'Suryapitam', 'Parvathipuram', 'Parvathipuram Manyam', 'Andhra Pradesh', 535501, '', '', '', '', '2025-06-23 04:45:09', NULL, 72, 37, 57, 37, 43, 72),
(1714, 'SPHOA2669', 'Sambana Sampath', 'Sambana Kannayya', 413429085915, 6300962556, '', 'Graduation', '2003-09-03', 'Male', 'Un Married', 'Hindu', 'SC', 'Parvathipuram', 'Parvathipuram', 'Parvathipuram Manyam', 'Andhra Pradesh', 535501, '', '', '', '', '2025-06-24 07:54:34', NULL, 72, 37, 57, 37, 43, 72),
(1715, 'SPHOA2670', 'Yeddu Dharma Teja', 'Yeddu Jammayyqa', 852965954019, 9502551695, 'dharmatejayeddu7@gmail.com', 'Graduation', '2003-10-19', 'Male', 'Un Married', 'Hindu', 'SC', 'Parvathipuram', 'Parvathipuram', 'Parvathipuram Manyam', 'Andhra Pradesh', 535501, '', '', '', '', '2025-06-24 08:02:38', NULL, 72, 37, 57, 37, 43, 72),
(1716, 'SPHOA2671', 'Bhaviripudi Maneesha', 'Bhaviripudi Krishnamurty', 609708016588, 9704306793, '', 'Intermediate', '2007-12-02', 'Female', 'Un Married', 'Hindu', 'BC-D', 'Chinnabondapalli', 'Parvathipuram', 'Parvathipuram Manyam', 'Andhra Pradesh', 535522, '', '', '', '', '2025-06-25 04:13:33', NULL, 72, 37, 57, 37, 43, 72),
(1717, 'SPHOA2672', 'Vangala Hasini', 'Vangala Umamaheswara Rao', 954713936686, 9912793459, 'vangalap4@gmail.com', 'Intermediate', '2008-03-11', 'Female', 'Un Married', 'Hindu', 'BC-D', 'Parvathipuram', 'Parvathipuram', 'Parvathipuram Manyam', 'Andhra Pradesh', 535501, '', '', '', '', '2025-06-25 05:12:57', NULL, 70, 37, 57, 37, 43, 70),
(1718, 'SPHOA2673', 'Gurubilli Rakesh', 'Gurubilli Srinu', 684485494802, 9346264550, 'gurubillirakesh2005@gmail.com', 'Intermediate', '2005-05-21', 'Male', 'Un Married', 'Hindu', 'BC-D', 'Nadukuru', 'Srikakulam', 'Srikakulam', 'Andhra Pradesh', 532460, '', '', '', '', '2025-06-25 05:25:53', NULL, 72, 37, 57, 37, 43, 72),
(1719, 'SPHOA2674', 'Meesala Sony Sai Satwika', 'Meesala Srinivasarao', 835494108176, 9014943725, 'sonysaisatwika4@gmail.com', 'Intermediate', '2005-05-02', 'Female', 'Un Married', 'Hindu', 'BC-D', 'Jk Pur', 'Rayagada', 'Parvathipuram Manyam', 'Andhra Pradesh', 765017, '', '', '', '', '2025-06-26 05:26:36', NULL, 74, 37, 57, 37, 43, 74),
(1720, 'SPHOA2675', 'Behara Meghana', 'Behara Sankara Rao', 385806316076, 8790044864, '', 'Intermediate', '2007-08-29', 'Female', 'Un Married', 'Hindu', 'BC-A', 'Parvathipuram', 'Parvathipuram', 'Parvathipuram Manyam', 'Andhra Pradesh', 535501, '', '', '', '', '2025-06-27 09:04:42', NULL, 74, 37, 57, 37, 43, 74),
(1721, 'SPHOA2676', 'Gulipalli Lakshmi Supriya', 'Gulipalli Srinuvasa Rao', 477397911597, 8919480207, 'gulipallisupriya49@gmail.com', 'Intermediate', '2005-06-03', 'Female', 'Un Married', 'Hindu', 'BC-D', 'Ravupalle', 'Garugubilli', 'Parvathipuram Manyam', 'Andhra Pradesh', 535463, '', '', '', '', '2025-06-27 09:09:41', NULL, 74, 37, 57, 37, 43, 74),
(1722, 'SPHOA2677', 'Bankuru Poojitha', 'Bankuru Annam Naidu ', 420882337600, 9652348560, '', 'Intermediate', '2006-04-16', 'Female', 'Un Married', 'Hindu', 'BC-D', 'Santhoshapuram', 'Garugubilli', 'Parvathipuram Manyam', 'Andhra Pradesh', 535525, '', '', '', '', '2025-06-30 06:51:31', NULL, 74, 37, 57, 37, 43, 74),
(1723, 'SPHOA2678', 'Kolli Sowjanya', 'Kolli Venkata Ramana', 399333800613, 8374483728, '', 'Intermediate', '2006-12-31', 'Female', 'Un Married', 'Hindu', 'BC-D', 'Thotapalli', 'Garugubilli', 'Parvathipuram Manyam', 'Andhra Pradesh', 535525, '', '', '', '', '2025-06-30 06:56:20', NULL, 74, 37, 57, 37, 43, 74),
(1724, 'SPHOA2679', 'Kottakki Naveen', 'Kottakki Gopi', 802634387567, 8247501721, '', 'Graduation', '2005-06-13', 'Male', 'Un Married', 'Hindu', 'SC', 'Cherukumadivalasa', 'Parvathipuram', 'Parvathipuram Manyam', 'Andhra Pradesh', 535527, '', '', '', '', '2025-06-30 09:48:04', NULL, 74, 37, 57, 37, 43, 74),
(1725, 'SPHOA2680', 'Gongada Devi', 'Gongada Krishna', 605781219640, 7330861828, 'devigongada517@gmail.com', 'Graduation', '2004-10-02', 'Female', 'Un Married', 'Hindu', 'BC-D', 'Vikrampuram', 'Parvathipuram', 'Parvathipuram Manyam', 'Andhra Pradesh', 535501, '', '', '', '', '2025-07-01 05:14:50', NULL, 75, 37, 57, 37, 43, 75);
INSERT INTO `tblcandidate` (`CandidateId`, `enrollmentid`, `candidatename`, `fathername`, `aadharnumber`, `phonenumber`, `email`, `qualification`, `dateofbirth`, `gender`, `maritalstatus`, `religion`, `category`, `village`, `mandal`, `district`, `state`, `pincode`, `candidatephoto`, `aadhaarphoto`, `qualificationphoto`, `applicationphoto`, `DateCreated`, `DateModified`, `tblbatch_id`, `training_center`, `scheme`, `sector`, `job_roll`, `batch`) VALUES
(1726, 'SPHOA2681', 'Balaga Sowmya', 'Balaga Srinivasarao', 626406735967, 9494334554, '', 'Intermediate', '2007-03-28', 'Female', 'Un Married', 'Hindu', 'BC-D', 'Jiyyammavalasa', 'Jiyyammavalasa', 'Parvathipuram Manyam', 'Andhra Pradesh', 535526, '', '', '', '', '2025-07-02 04:50:42', NULL, 74, 37, 57, 37, 43, 74),
(1727, 'SPHOA2682', 'Rajeswari Devi Makkuva', 'Rajeswari Satya Prasada Rao', 281458597504, 9704075831, '', 'Graduation', '1990-08-07', 'Female', 'Married', 'Hindu', 'BC-D', 'Kallikota', 'Komarada', 'Parvathipuram Manyam', 'Andhra Pradesh', 535521, '', '', '', '', '2025-07-02 05:54:11', NULL, 74, 37, 57, 37, 43, 74),
(1728, 'SPHOA2683', 'Karakavalasa Neelima', 'Karakavalasa Srinivasa Rao', 303628538191, 9398561033, '', 'Graduation', '1988-06-15', 'Female', 'Married', 'Hindu', 'BC-D', 'Bommika', 'Jiyyammavalasa', 'Parvathipuram Manyam', 'Andhra Pradesh', 535526, '', '', '', '', '2025-07-02 06:00:14', NULL, 74, 37, 57, 37, 43, 74),
(1729, 'SPHOA2684', 'Potnuru Sricharan', 'Potnuru Suresh Kumar', 724881020863, 7989633240, '', 'Intermediate', '2007-05-18', 'Male', 'Un Married', 'Hindu', 'SC', 'Soendharya Nagar', 'Parvathipuram', 'Parvathipuram Manyam', 'Andhra Pradesh', 535501, '', '', '', '', '2025-07-02 06:27:47', NULL, 74, 37, 57, 37, 43, 74),
(1730, 'SPHOA2685', 'Ommi Bhargavi', 'Ommi Suresh', 551149036358, 9652315959, '', 'Intermediate', '2007-08-24', 'Female', 'Un Married', 'Hindu', 'BC-B', 'Venkampeta', 'Parvathipuram', 'Parvathipuram Manyam', 'Andhra Pradesh', 535522, '', '', '', '', '2025-07-02 08:36:37', NULL, 74, 37, 57, 37, 43, 74),
(1731, 'SPHOA2686', 'Ganta Akhila', 'Ganta Gowreeswara Naidu', 760958603602, 7416904899, 'akhilaganta3@gmail.com', 'Intermediate', '2006-02-03', 'Female', 'Un Married', 'Hindu', 'BC-D', 'Pedabondapalle', 'Parvathipuram', 'Parvathipuram Manyam', 'Andhra Pradesh', 535527, '', '', '', '', '2025-07-02 08:40:14', NULL, 74, 37, 57, 37, 43, 74),
(1732, 'SPHOA2686', 'Maradana Ramya', 'Maradana Srinu', 465750122337, 7382977320, '', 'Intermediate', '2007-07-16', 'Female', 'Un Married', 'Hindu', 'BC-D', 'Chandana Street', 'Parvathipuram', 'Parvathipuram Manyam', 'Andhra Pradesh', 535501, '', '', '', '', '2025-07-02 08:40:24', NULL, 74, 37, 57, 37, 43, 74),
(1733, 'SPHOA2687', 'Kuppili Sivasankar', 'Kuppili Narasinga Rao', 750404156066, 6304098924, 'kuppilidivasankar386@gmail.com', 'Graduation', '2004-04-11', 'Male', 'Un Married', 'Hindu', 'BC-D', 'Bodduru', 'Santhakaviti', 'Srikakulam', 'Andhra Pradesh', 532127, '', '', '', '', '2025-07-02 11:17:35', NULL, 74, 37, 57, 37, 43, 74),
(1734, 'SPHOA2688', 'Karri Siva Rama Teja', 'Karri Venkataramana Murthy', 359109297077, 8179216824, 'karriteja68@gmail.com', 'Intermediate', '2004-01-01', 'Male', 'Un Married', 'Hindu', 'OC', 'Chinnamerangi', 'Patvathipuram', 'Parvathipuram Manyam', 'Andhra Pradesh', 535501, '', '', '', '', '2025-07-04 04:59:40', NULL, 75, 37, 57, 37, 43, 75),
(1735, 'SPHOA2689', 'Reesu Abhiram', 'Reesu Appanna', 231390921430, 9603262363, 'abhiramreesu@gmail.com', 'Intermediate', '2025-05-17', 'Male', 'Un Married', 'Hindu', 'BC-A', 'Parvathipuram', 'Parvathipuram', 'Parvathipuram Manyam', 'Andhra Pradesh', 535501, '', '', '', '', '2025-07-04 07:39:25', NULL, 74, 37, 57, 37, 43, 74),
(1736, 'SPHOA2690', 'Vadari Gayathri', 'Vadari Ramu', 706703413511, 9666293685, 'gayathrugayathri123@gmail.com', 'Graduation', '2003-02-09', 'Female', 'Un Married', 'Hindu', 'BC-A', 'Satyanarayapuram', 'Visakhapatnam', 'Visakhapatnam', 'Andhra Pradesh', 530044, '', '', '', '', '2025-07-05 07:38:42', NULL, 75, 37, 57, 37, 43, 75),
(1737, 'SPHOA2691', 'Bommidala Jyothi', 'Bommidala Simhachalam', 903460469988, 9390230569, '', 'Intermediate', '2006-02-14', 'Female', 'Un Married', 'Hindu', 'BC-A', 'Seetharampuram', 'Garugubilli', 'Parvathipuram Manyam', 'Andhra Pradesh', 535501, '', '', '', '', '2025-07-08 06:22:33', NULL, 71, 37, 57, 37, 44, 71),
(1738, 'SPHOA2692', 'Patra Siri', 'Patra Lakshmana Rao', 677375478506, 9182489445, 'siripatrasiri@gmailcom', 'Intermediate', '2005-10-14', 'Female', 'Un Married', 'Hindu', 'SC', 'Pedabondapalle', 'Parvathipuram', 'Parvathipuram Manyam', 'Andhra Pradesh', 535527, '', '', '', '', '2025-07-08 06:26:04', NULL, 71, 37, 57, 37, 44, 71),
(1739, 'SPHOA2693', 'Godaba Anusha', 'Godaba Chiranjeevulu', 566456528316, 7093319230, 'godabaanusha6@gmail.com', 'Intermediate', '2005-02-10', 'Female', 'Un Married', 'Hindu', 'SC', 'Pedabondapalli', 'PARVATHIPURAM ', 'Parvathipuram Manyam', 'Andhra Pradesh', 535527, '', '', '', '', '2025-07-08 06:34:19', NULL, 71, 37, 57, 37, 44, 71),
(1740, 'SPHOA2694', 'Kalyana Seetaram ', ' Kalyana Johnu', 715653227574, 9492017103, '', 'Graduation', '1986-07-10', 'Male', 'Un Married', 'Hindu', 'SC', 'Burji', 'Seethanagaram', 'Parvathipuram Manyam', 'Andhra Pradesh', 535546, '', '', '', '', '2025-07-08 06:39:42', NULL, 75, 37, 57, 37, 43, 75),
(1741, 'SPHOA2695', 'Sankarapu Chinnatalli', 'Sankarapu Simhachalam', 270150404597, 9014348691, '', 'Intermediate', '1991-12-25', 'Female', 'Married', 'Hindu', 'BC-D', 'Chalamavalasa', 'Parvathipuram', 'Parvathipuram Manyam', 'Andhra Pradesh', 535527, '', '', '', '', '2025-07-08 06:47:42', NULL, 75, 37, 57, 37, 43, 75),
(1742, 'SPHOA2696', 'Babbadi Satyavathi', 'Chamalapalli Lakshmana Rao', 908698646173, 8331913860, 'satyavathi.5446@gmail.com', 'Graduation', '1991-06-30', 'Female', 'Married', 'Hindu', 'BC-D', 'Bandaluppi', 'Parvathipuram', 'Parvathipuram Manyam', 'Andhra Pradesh', 535527, '', '', '', '', '2025-07-08 06:51:25', NULL, 75, 37, 57, 37, 43, 75),
(1743, 'SPHOA2697', 'Javvadi Anuradha', 'Javvadi Venkataramana', 515216074736, 8519824652, '', 'SSC', '1994-08-10', 'Female', 'Married', 'Hindu', 'BC-D', 'Chalamavalasa', 'Parvathipuram', 'Parvathipuram Manyam', 'Andhra Pradesh', 535527, '', '', '', '', '2025-07-08 06:57:27', NULL, 75, 37, 57, 37, 43, 75),
(1744, 'SPHOA2698', 'Vanjarapu Akhila', 'Vanjarapu Sundararao', 883147104420, 6302064918, 'akhilavanjarapu8@gmail.com', 'SSC', '2008-06-14', 'Female', 'Un Married', 'Hindu', 'ST', 'Tonki', 'Parvathipuram', 'Parvathipuram Manyam', 'Andhra Pradesh', 535527, '', '', '', '', '2025-07-09 05:25:46', NULL, 75, 37, 57, 37, 43, 75),
(1745, 'SPHOA2699', 'Jalumuri Samuel', 'Jalumuri Sudha', 464886263208, 6302106133, 'samueljalumuri@gmail.com', 'Graduation', '2005-06-13', 'Male', 'Un Married', 'Hindu', 'SC', 'Venkampeta', 'Parvathipuram', 'Parvathipuram Manyam', 'Andhra Pradesh', 535522, '', '', '', '', '2025-07-09 05:41:31', NULL, 75, 37, 57, 37, 43, 75),
(1746, 'SPHOA2700', 'Ganta Lalitha Devi', 'Ganta Srinu', 785170263866, 8106011794, '', 'Graduation', '1998-05-10', 'Female', 'Married', 'Hindu', 'SC', 'Parvathipuram', 'Parvathipuram', 'Parvathipuram Manyam', 'Andhra Pradesh', 535501, '', '', '', '', '2025-07-09 05:44:41', NULL, 75, 37, 57, 37, 43, 75),
(1747, 'SPHOA2701', 'Sirusubilli Bhavana', 'Sirusubilli  Sankara Rao', 693937079879, 9949515088, '', 'Intermediate', '2004-04-02', 'Female', 'Un Married', 'Hindu', 'OC', 'Chinamerangi', 'Parvathipuram', 'Parvathipuram Manyam', 'Andhra Pradesh', 535526, '', '', '', '', '2025-07-09 05:58:08', NULL, 75, 37, 57, 37, 43, 75),
(1748, 'SPHOA2702', 'Barlanki Rambabu ', 'Barlanki  Trinadha Rao', 842612304971, 8328555923, '', 'Intermediate', '2005-06-20', 'Male', 'Un Married', 'Hindu', 'OC', 'Chinnamerangi', 'Parvathipuram', 'Parvathipuram Manyam', 'Andhra Pradesh', 535526, '', '', '', '', '2025-07-09 06:01:09', NULL, 75, 37, 57, 37, 43, 75),
(1749, 'SPHOA2703', 'Yegireddy Roshitha', 'Yegireddy Yellam Naidu', 530836798014, 6309761714, 'maheswariyegireddi@gmail.com', 'Intermediate', '2008-05-18', 'Female', 'Un Married', 'Hindu', 'BC-D', 'Gavarampeta', 'Jiyyammavalasa', 'Parvathipuram Manyam', 'Andhra Pradesh', 535526, '', '', '', '', '2025-07-09 06:20:11', NULL, 71, 37, 57, 37, 44, 71),
(1750, 'SPHOA2704', 'Merangi Simhachalam', 'Merangi Srinu', 737783164408, 7702272934, 'merangisimhacham7@gmail.com', 'Intermediate', '2005-11-01', 'Male', 'Un Married', 'Hindu', 'BC-A', 'Venkampeta', 'Parvathipuram', 'Parvathipuram Manyam', 'Andhra Pradesh', 535501, '', '', '', '', '2025-07-10 05:03:48', NULL, 74, 37, 57, 37, 43, 74),
(1751, 'SPHOA2705', 'Srikakulam Satyanarayana', 'Srikakulam Krishna Murthy', 223182159012, 8074233969, 'srikakulamsatyanarayana64@gmail.com', 'Intermediate', '2007-06-13', 'Male', 'Un Married', 'Hindu', 'BC-A', 'Kasipatnam', 'Makkuva', 'Parvathipuram Manyam', 'Andhra Pradesh', 535547, '', '', '', '', '2025-07-10 05:08:18', NULL, 74, 37, 57, 37, 43, 74),
(1752, 'SPHOA2706', 'Macharla Jeevana', 'Macharla Nandeeswararao', 799524484797, 8500364916, 'jeevana10@gmail.com', 'Graduation', '2003-11-10', 'Female', 'Un Married', 'Hindu', 'BC-D', 'Vikrampuram', 'Srikakulam', 'Parvathipuram Manyam', 'Andhra Pradesh', 532460, '', '', '', '', '2025-07-10 07:04:50', NULL, 75, 37, 57, 37, 43, 75),
(1753, 'SPHOA2707', 'Vikash Konduru', ' Anjaneyakumar Konduru', 492367359752, 7569981158, 'vikashkonduru650@gmail.com', 'Intermediate', '2001-08-15', 'Male', 'Un Married', 'Hindu', 'BC-B', 'Kothavalasa', 'Parvathipuram', 'Parvathipuram Manyam', 'Andhra Pradesh', 535501, '', '', '', '', '2025-07-10 09:25:03', NULL, 71, 37, 57, 37, 44, 71),
(1754, 'SPHOA2708', 'Maradana Rajeswari', 'Maradana Sankara Rao', 653693767115, 6301134886, 'rajeswarimaradana182@gmail.com', 'Intermediate', '2007-07-05', 'Female', 'Un Married', 'Hindu', 'BC-D', 'Kannapudoravalasa', 'Jiyyammavalasa', 'Parvathipuram Manyam', 'Andhra Pradesh', 535526, '', '', '', '', '2025-07-10 10:15:44', NULL, 74, 37, 57, 37, 43, 74),
(1755, 'SPHOA2709', 'Achanta Rojarani', 'Achanta Srinivasarao', 452676594921, 7842436845, 'achantaroja290@gmail.com', 'Intermediate', '2007-02-08', 'Female', 'Un Married', 'Hindu', 'BC-B', 'Thotapalli', 'Garugubilli', 'Parvathipuram Manyam', 'Andhra Pradesh', 535525, '', '', '', '', '2025-07-10 10:21:33', NULL, 74, 37, 57, 37, 43, 74),
(1756, 'SPHOA2710', 'Pentaboyena Manikanta', 'Pentaboyena Ramu', 903089305129, 7093340956, '', 'SSC', '2010-02-12', 'Male', 'Un Married', 'Hindu', 'BC-A', 'Gedevalampeta', 'Amudavalasa ', 'Srikakulam', 'Andhra Pradesh', 532185, '', '', '', '', '2025-07-11 05:32:30', NULL, 76, 37, 57, 37, 43, 76),
(1757, 'SPHOA2711', 'Uyyaka Jyothi', 'Uyyaka Subba Rao', 691679745861, 8688470914, 'jyothiuyaka@gmail.com', 'Graduation', '2001-06-10', 'Female', 'Un Married', 'Hindu', 'ST', 'Cherukumada Kotta Valasa', 'Parvathipuram', 'Parvathipuram Manyam', 'Andhra Pradesh', 535527, '', '', '', '', '2025-07-11 06:05:21', NULL, 76, 37, 57, 37, 43, 76),
(1758, 'SPHOA2712', 'Dharmavarapu Vaishnavi', 'Dharmavarapu Gurumurthy', 916906962066, 9391496054, '', 'Intermediate', '2008-10-09', 'Female', 'Un Married', 'Hindu', 'BC-A', 'Parvathipuram', 'Parvathipuram', 'Parvathipuram Manyam', 'Andhra Pradesh', 535501, '', '', '', '', '2025-07-12 06:29:10', NULL, 71, 37, 57, 37, 44, 71),
(1759, 'SPHOA2713', 'Addala Nageswari', 'Addala Murali', 415789628153, 9391371522, '', 'Intermediate', '2008-06-12', 'Female', 'Un Married', 'Hindu', 'BC-B', 'Parvathipuram', 'Parvathipuram', 'Parvathipuram Manyam', 'Andhra Pradesh', 535501, '', '', '', '', '2025-07-12 06:31:50', NULL, 71, 37, 57, 37, 44, 71),
(1760, 'SPHOA2714', 'Nikkala Nagamani', 'Nikkala Rami Naidu', 773772303588, 9502862926, 'nagamaninikkala@gmail.com', 'Intermediate', '2005-08-15', 'Female', 'Un Married', 'Hindu', 'BC-D', 'Batlabhadra', 'Jiyyammavalasa', 'Parvathipuram Manyam', 'Andhra Pradesh', 535524, '', '', '', '', '2025-07-16 09:03:43', NULL, 71, 37, 57, 37, 44, 71),
(1761, 'SPHOA2715', 'Lagudu Uma', 'Lagudu Raveendra', 832283022746, 7207202150, '', 'Graduation', '1997-06-08', 'Female', 'Married', 'Hindu', 'BC-D', 'Parvathipuram', 'Parvathipuram', 'Parvathipuram Manyam', 'Andhra Pradesh', 535501, '', '', '', '', '2025-07-21 05:28:45', NULL, 77, 37, 57, 37, 43, 77);

-- --------------------------------------------------------

--
-- Table structure for table `tblcandidatecertification`
--

CREATE TABLE `tblcandidatecertification` (
  `id` int(30) NOT NULL,
  `candidate_id` int(30) DEFAULT NULL,
  `batch_id` int(30) DEFAULT NULL,
  `certification` varchar(30) DEFAULT NULL,
  `certificatedoc` varchar(255) DEFAULT NULL,
  `date` timestamp NOT NULL DEFAULT current_timestamp()
) ENGINE=InnoDB DEFAULT CHARSET=utf8mb3 COLLATE=utf8mb3_general_ci;

-- --------------------------------------------------------

--
-- Table structure for table `tblcandidateresults`
--

CREATE TABLE `tblcandidateresults` (
  `id` int(30) NOT NULL,
  `candidate_id` int(30) DEFAULT NULL,
  `batch_id` int(30) DEFAULT NULL,
  `result` varchar(40) DEFAULT NULL,
  `date` timestamp NOT NULL DEFAULT current_timestamp()
) ENGINE=InnoDB DEFAULT CHARSET=utf8mb3 COLLATE=utf8mb3_general_ci;

--
-- Dumping data for table `tblcandidateresults`
--

INSERT INTO `tblcandidateresults` (`id`, `candidate_id`, `batch_id`, `result`, `date`) VALUES
(620, 1472, 46, 'Pass', '2025-03-12 01:57:49'),
(621, 1473, 46, 'Pass', '2025-03-12 01:57:49'),
(622, 1474, 46, 'Pass', '2025-03-12 01:57:49'),
(623, 1475, 46, 'select..', '2025-03-12 01:57:49'),
(624, 1476, 46, 'select..', '2025-03-12 01:57:49'),
(625, 1477, 46, 'select..', '2025-03-12 01:57:49'),
(626, 1478, 46, 'select..', '2025-03-12 01:57:49'),
(627, 1479, 46, 'select..', '2025-03-12 01:57:49'),
(628, 1480, 46, 'select..', '2025-03-12 01:57:49'),
(629, 1481, 46, 'select..', '2025-03-12 01:57:49'),
(630, NULL, 46, NULL, '2025-03-12 01:57:49'),
(631, NULL, 46, NULL, '2025-03-12 01:57:49'),
(632, 1503, 50, 'Pass', '2025-03-21 01:24:56'),
(633, 1504, 50, 'Pass', '2025-03-21 01:24:56'),
(634, 1505, 50, 'Pass', '2025-03-21 01:24:56'),
(635, 1511, 50, 'Pass', '2025-03-21 01:24:56'),
(636, 1512, 50, 'Pass', '2025-03-21 01:24:56'),
(637, 1530, 59, 'Pass', '2025-03-31 23:39:37'),
(638, 1531, 59, 'Pass', '2025-03-31 23:39:37'),
(639, 1532, 59, 'Pass', '2025-03-31 23:39:37'),
(640, 1533, 59, 'Pass', '2025-03-31 23:39:37'),
(641, 1534, 59, 'Pass', '2025-03-31 23:39:37'),
(642, 1535, 59, 'Pass', '2025-03-31 23:39:37'),
(643, 1537, 59, 'Pass', '2025-05-12 11:52:50'),
(644, 1538, 59, 'Pass', '2025-05-12 11:52:50'),
(645, 1539, 59, 'Pass', '2025-05-12 11:52:50'),
(646, 1540, 59, 'Pass', '2025-05-12 11:52:50'),
(647, 1541, 59, 'Pass', '2025-05-12 11:52:50'),
(648, 1544, 59, 'Pass', '2025-05-12 11:52:50'),
(649, 1546, 59, 'Pass', '2025-05-12 11:52:50'),
(650, 1536, 61, 'Pass', '2025-05-23 10:03:37'),
(651, 1542, 61, 'Pass', '2025-05-23 10:03:37'),
(652, 1545, 61, 'Pass', '2025-05-23 10:03:37'),
(653, 1551, 61, 'Pass', '2025-05-23 10:03:37'),
(654, 1556, 61, 'Pass', '2025-05-23 10:03:37'),
(655, 1557, 61, 'Pass', '2025-05-23 10:03:37'),
(656, 1571, 61, 'Pass', '2025-05-23 10:03:37'),
(657, 1573, 61, 'Pass', '2025-05-23 10:03:37'),
(658, 1574, 61, 'Pass', '2025-05-23 10:03:37'),
(659, 1584, 61, 'Pass', '2025-05-23 10:03:37'),
(660, 1585, 61, 'Pass', '2025-05-23 10:03:37');

-- --------------------------------------------------------

--
-- Table structure for table `tblclasses`
--

CREATE TABLE `tblclasses` (
  `id` int(11) NOT NULL,
  `ClassName` varchar(80) DEFAULT NULL,
  `ClassNameNumeric` varchar(80) DEFAULT NULL,
  `Section` varchar(50) DEFAULT NULL,
  `CreationDate` timestamp NULL DEFAULT current_timestamp(),
  `UpdationDate` timestamp NULL DEFAULT current_timestamp()
) ENGINE=InnoDB DEFAULT CHARSET=latin1 COLLATE=latin1_swedish_ci;

-- --------------------------------------------------------

--
-- Table structure for table `tblinvoice`
--

CREATE TABLE `tblinvoice` (
  `invoiceID` int(30) NOT NULL,
  `invoiceNo` int(30) DEFAULT NULL,
  `invoiceDate` date DEFAULT NULL,
  `manualbatchID` int(30) DEFAULT NULL,
  `trainingcenterID` int(30) DEFAULT NULL,
  `schemeID` int(30) DEFAULT NULL,
  `sectorID` int(30) DEFAULT NULL,
  `jobrollID` int(30) DEFAULT NULL,
  `batchID` int(30) DEFAULT NULL,
  `tranche` varchar(30) DEFAULT NULL,
  `invoiceAmount` varchar(30) DEFAULT NULL
) ENGINE=InnoDB DEFAULT CHARSET=utf8mb3 COLLATE=utf8mb3_general_ci;

--
-- Dumping data for table `tblinvoice`
--

INSERT INTO `tblinvoice` (`invoiceID`, `invoiceNo`, `invoiceDate`, `manualbatchID`, `trainingcenterID`, `schemeID`, `sectorID`, `jobrollID`, `batchID`, `tranche`, `invoiceAmount`) VALUES
(5, 2345, '2025-03-21', 4444, 34, 55, 35, 36, 51, '1ST', '1000');

-- --------------------------------------------------------

--
-- Table structure for table `tbljobroll`
--

CREATE TABLE `tbljobroll` (
  `JobrollId` int(12) NOT NULL,
  `jobrollname` varchar(55) NOT NULL,
  `CreationDate` datetime NOT NULL DEFAULT current_timestamp(),
  `UpdatedDate` datetime DEFAULT NULL ON UPDATE current_timestamp(),
  `payment` decimal(10,0) NOT NULL
) ENGINE=InnoDB DEFAULT CHARSET=utf8mb4 COLLATE=utf8mb4_general_ci;

--
-- Dumping data for table `tbljobroll`
--

INSERT INTO `tbljobroll` (`JobrollId`, `jobrollname`, `CreationDate`, `UpdatedDate`, `payment`) VALUES
(43, 'MS OFFICE', '2025-03-25 04:10:17', NULL, 1500),
(44, 'TALLY', '2025-03-25 04:10:29', NULL, 2000),
(46, 'TYPING', '2025-05-07 12:05:54', '2025-05-16 05:19:37', 800);

-- --------------------------------------------------------

--
-- Table structure for table `tblplacement`
--

CREATE TABLE `tblplacement` (
  `placement_id` int(30) NOT NULL,
  `org_name` varchar(100) DEFAULT NULL,
  `salary` int(20) DEFAULT NULL,
  `doj` date DEFAULT NULL,
  `location` varchar(100) DEFAULT NULL,
  `hr_contact_no` bigint(20) DEFAULT NULL,
  `date` timestamp NULL DEFAULT current_timestamp(),
  `candidate_id` int(30) DEFAULT NULL
) ENGINE=InnoDB DEFAULT CHARSET=utf8mb3 COLLATE=utf8mb3_general_ci;

-- --------------------------------------------------------

--
-- Table structure for table `tblresult`
--

CREATE TABLE `tblresult` (
  `id` int(11) NOT NULL,
  `StudentId` int(11) DEFAULT NULL,
  `ClassId` int(11) DEFAULT NULL,
  `SubjectId` int(11) DEFAULT NULL,
  `marks` int(11) DEFAULT NULL,
  `PostingDate` timestamp NULL DEFAULT current_timestamp(),
  `UpdationDate` timestamp NULL DEFAULT NULL
) ENGINE=InnoDB DEFAULT CHARSET=latin1 COLLATE=latin1_swedish_ci;

-- --------------------------------------------------------

--
-- Table structure for table `tblscheme`
--

CREATE TABLE `tblscheme` (
  `SchemeId` int(11) NOT NULL,
  `SchemeName` varchar(55) CHARACTER SET latin1 COLLATE latin1_swedish_ci NOT NULL,
  `CreationDate` timestamp NULL DEFAULT current_timestamp(),
  `UpdationDate` timestamp NULL DEFAULT current_timestamp()
) ENGINE=InnoDB DEFAULT CHARSET=utf8mb3 COLLATE=utf8mb3_spanish_ci;

--
-- Dumping data for table `tblscheme`
--

INSERT INTO `tblscheme` (`SchemeId`, `SchemeName`, `CreationDate`, `UpdationDate`) VALUES
(57, 'SOFTWARE TRAININGS', '2025-03-24 05:14:37', '2025-03-24 05:14:37');

-- --------------------------------------------------------

--
-- Table structure for table `tblsector`
--

CREATE TABLE `tblsector` (
  `SectorId` int(11) NOT NULL,
  `SectorName` varchar(55) NOT NULL,
  `DateCreated` timestamp NOT NULL DEFAULT current_timestamp()
) ENGINE=InnoDB DEFAULT CHARSET=utf8mb4 COLLATE=utf8mb4_general_ci;

--
-- Dumping data for table `tblsector`
--

INSERT INTO `tblsector` (`SectorId`, `SectorName`, `DateCreated`) VALUES
(37, 'INFORMATION TECHNOLOGY', '2025-03-24 05:28:30');

-- --------------------------------------------------------

--
-- Table structure for table `tblstudents`
--

CREATE TABLE `tblstudents` (
  `StudentId` int(11) NOT NULL,
  `StudentName` varchar(100) DEFAULT NULL,
  `RollId` varchar(100) DEFAULT NULL,
  `AadharId` varchar(100) DEFAULT NULL,
  `StudentEmail` varchar(100) DEFAULT NULL,
  `Gender` varchar(10) DEFAULT NULL,
  `DOB` varchar(100) DEFAULT NULL,
  `ClassId` int(11) DEFAULT NULL,
  `RegDate` timestamp NULL DEFAULT current_timestamp(),
  `UpdationDate` timestamp NULL DEFAULT NULL,
  `Status` int(1) DEFAULT NULL
) ENGINE=InnoDB DEFAULT CHARSET=latin1 COLLATE=latin1_swedish_ci;

-- --------------------------------------------------------

--
-- Table structure for table `tblsubjectcombination`
--

CREATE TABLE `tblsubjectcombination` (
  `id` int(11) NOT NULL,
  `ClassId` int(11) DEFAULT NULL,
  `SubjectId` int(11) DEFAULT NULL,
  `status` int(1) DEFAULT NULL,
  `CreationDate` timestamp NULL DEFAULT current_timestamp(),
  `Updationdate` timestamp NULL DEFAULT NULL ON UPDATE current_timestamp()
) ENGINE=InnoDB DEFAULT CHARSET=latin1 COLLATE=latin1_swedish_ci;

-- --------------------------------------------------------

--
-- Table structure for table `tblsubjects`
--

CREATE TABLE `tblsubjects` (
  `id` int(11) NOT NULL,
  `SubjectName` varchar(100) NOT NULL,
  `SubjectCode` varchar(100) DEFAULT NULL,
  `Creationdate` timestamp NULL DEFAULT current_timestamp(),
  `UpdationDate` timestamp NULL DEFAULT NULL
) ENGINE=InnoDB DEFAULT CHARSET=latin1 COLLATE=latin1_swedish_ci;

-- --------------------------------------------------------

--
-- Table structure for table `tbltrainingcenter`
--

CREATE TABLE `tbltrainingcenter` (
  `TrainingcenterId` int(11) NOT NULL,
  `trainingcentername` varchar(55) NOT NULL,
  `tclocation` varchar(55) NOT NULL,
  `tcaddress` varchar(55) NOT NULL,
  `spocname` varchar(55) NOT NULL,
  `spoccontact` bigint(12) NOT NULL,
  `spocemailaddress` varchar(200) NOT NULL,
  `tcuserid` varchar(55) NOT NULL,
  `tcpassword` varchar(55) NOT NULL,
  `DateCreated` datetime NOT NULL DEFAULT current_timestamp(),
  `DateModified` datetime NOT NULL DEFAULT current_timestamp()
) ENGINE=InnoDB DEFAULT CHARSET=utf8mb4 COLLATE=utf8mb4_general_ci;

--
-- Dumping data for table `tbltrainingcenter`
--

INSERT INTO `tbltrainingcenter` (`TrainingcenterId`, `trainingcentername`, `tclocation`, `tcaddress`, `spocname`, `spoccontact`, `spocemailaddress`, `tcuserid`, `tcpassword`, `DateCreated`, `DateModified`) VALUES
(37, 'SOFTPRO HO', 'Parvathipuram', 'Opp.Style Bazar, Main Road, Parvathipuram', 'Gulla Rajesh', 9550755039, 'softpro.ppm@gmail.com', 'admin_a', '$2y$10$WWkHpDUL7Jr5/q.WEQephO8F/6f6oCy8/x4Qp9R7aN2k6OAd', '2025-03-24 05:13:28', '2025-03-24 05:13:28');

-- --------------------------------------------------------

--
-- Table structure for table `test`
--

CREATE TABLE `test` (
  `id` int(30) NOT NULL,
  `name` varchar(100) DEFAULT NULL,
  `email` varchar(100) DEFAULT NULL
) ENGINE=InnoDB DEFAULT CHARSET=utf8mb3 COLLATE=utf8mb3_general_ci;

--
-- Dumping data for table `test`
--

INSERT INTO `test` (`id`, `name`, `email`) VALUES
(1, ':name', ':email'),
(2, ':name', ':email'),
(3, ':name', ':email'),
(6, 'discussdesk', 'discussdesk@gmail.com');

--
-- Indexes for dumped tables
--

--
-- Indexes for table `admin`
--
ALTER TABLE `admin`
  ADD PRIMARY KEY (`id`);

--
-- Indexes for table `emi_list`
--
ALTER TABLE `emi_list`
  ADD PRIMARY KEY (`id`),
  ADD KEY `fk_candidate_emi` (`candidate_id`);

--
-- Indexes for table `payment`
--
ALTER TABLE `payment`
  ADD PRIMARY KEY (`id`),
  ADD KEY `fk_candidate` (`candidate_id`);

--
-- Indexes for table `reset_tokens`
--
ALTER TABLE `reset_tokens`
  ADD PRIMARY KEY (`id`),
  ADD UNIQUE KEY `token` (`token`),
  ADD KEY `user_id` (`user_id`);

--
-- Indexes for table `tblassignjobroll`
--
ALTER TABLE `tblassignjobroll`
  ADD PRIMARY KEY (`id`);

--
-- Indexes for table `tblassignscheme`
--
ALTER TABLE `tblassignscheme`
  ADD PRIMARY KEY (`id`);

--
-- Indexes for table `tblassignsector`
--
ALTER TABLE `tblassignsector`
  ADD PRIMARY KEY (`id`);

--
-- Indexes for table `tblbatch`
--
ALTER TABLE `tblbatch`
  ADD PRIMARY KEY (`id`),
  ADD KEY `fk_batch` (`training_centre_id`);

--
-- Indexes for table `tblbatch_candidate`
--
ALTER TABLE `tblbatch_candidate`
  ADD PRIMARY KEY (`id`);

--
-- Indexes for table `tblcandidate`
--
ALTER TABLE `tblcandidate`
  ADD PRIMARY KEY (`CandidateId`);

--
-- Indexes for table `tblcandidatecertification`
--
ALTER TABLE `tblcandidatecertification`
  ADD PRIMARY KEY (`id`);

--
-- Indexes for table `tblcandidateresults`
--
ALTER TABLE `tblcandidateresults`
  ADD PRIMARY KEY (`id`);

--
-- Indexes for table `tblclasses`
--
ALTER TABLE `tblclasses`
  ADD PRIMARY KEY (`id`);

--
-- Indexes for table `tblinvoice`
--
ALTER TABLE `tblinvoice`
  ADD PRIMARY KEY (`invoiceID`);

--
-- Indexes for table `tbljobroll`
--
ALTER TABLE `tbljobroll`
  ADD PRIMARY KEY (`JobrollId`);

--
-- Indexes for table `tblplacement`
--
ALTER TABLE `tblplacement`
  ADD PRIMARY KEY (`placement_id`);

--
-- Indexes for table `tblresult`
--
ALTER TABLE `tblresult`
  ADD PRIMARY KEY (`id`);

--
-- Indexes for table `tblscheme`
--
ALTER TABLE `tblscheme`
  ADD PRIMARY KEY (`SchemeId`);

--
-- Indexes for table `tblsector`
--
ALTER TABLE `tblsector`
  ADD PRIMARY KEY (`SectorId`);

--
-- Indexes for table `tblstudents`
--
ALTER TABLE `tblstudents`
  ADD PRIMARY KEY (`StudentId`);

--
-- Indexes for table `tblsubjectcombination`
--
ALTER TABLE `tblsubjectcombination`
  ADD PRIMARY KEY (`id`);

--
-- Indexes for table `tblsubjects`
--
ALTER TABLE `tblsubjects`
  ADD PRIMARY KEY (`id`);

--
-- Indexes for table `tbltrainingcenter`
--
ALTER TABLE `tbltrainingcenter`
  ADD PRIMARY KEY (`TrainingcenterId`);

--
-- Indexes for table `test`
--
ALTER TABLE `test`
  ADD PRIMARY KEY (`id`);

--
-- AUTO_INCREMENT for dumped tables
--

--
-- AUTO_INCREMENT for table `admin`
--
ALTER TABLE `admin`
  MODIFY `id` int(11) NOT NULL AUTO_INCREMENT, AUTO_INCREMENT=18;

--
-- AUTO_INCREMENT for table `emi_list`
--
ALTER TABLE `emi_list`
  MODIFY `id` int(11) NOT NULL AUTO_INCREMENT, AUTO_INCREMENT=530;

--
-- AUTO_INCREMENT for table `payment`
--
ALTER TABLE `payment`
  MODIFY `id` int(11) NOT NULL AUTO_INCREMENT, AUTO_INCREMENT=282;

--
-- AUTO_INCREMENT for table `reset_tokens`
--
ALTER TABLE `reset_tokens`
  MODIFY `id` int(11) NOT NULL AUTO_INCREMENT;

--
-- AUTO_INCREMENT for table `tblassignjobroll`
--
ALTER TABLE `tblassignjobroll`
  MODIFY `id` int(10) NOT NULL AUTO_INCREMENT, AUTO_INCREMENT=59;

--
-- AUTO_INCREMENT for table `tblassignscheme`
--
ALTER TABLE `tblassignscheme`
  MODIFY `id` int(10) NOT NULL AUTO_INCREMENT, AUTO_INCREMENT=43;

--
-- AUTO_INCREMENT for table `tblassignsector`
--
ALTER TABLE `tblassignsector`
  MODIFY `id` int(11) NOT NULL AUTO_INCREMENT, AUTO_INCREMENT=43;

--
-- AUTO_INCREMENT for table `tblbatch`
--
ALTER TABLE `tblbatch`
  MODIFY `id` int(10) NOT NULL AUTO_INCREMENT, AUTO_INCREMENT=78;

--
-- AUTO_INCREMENT for table `tblbatch_candidate`
--
ALTER TABLE `tblbatch_candidate`
  MODIFY `id` int(10) NOT NULL AUTO_INCREMENT;

--
-- AUTO_INCREMENT for table `tblcandidate`
--
ALTER TABLE `tblcandidate`
  MODIFY `CandidateId` int(11) NOT NULL AUTO_INCREMENT, AUTO_INCREMENT=1771;

--
-- AUTO_INCREMENT for table `tblcandidatecertification`
--
ALTER TABLE `tblcandidatecertification`
  MODIFY `id` int(30) NOT NULL AUTO_INCREMENT, AUTO_INCREMENT=387;

--
-- AUTO_INCREMENT for table `tblcandidateresults`
--
ALTER TABLE `tblcandidateresults`
  MODIFY `id` int(30) NOT NULL AUTO_INCREMENT, AUTO_INCREMENT=661;

--
-- AUTO_INCREMENT for table `tblclasses`
--
ALTER TABLE `tblclasses`
  MODIFY `id` int(11) NOT NULL AUTO_INCREMENT, AUTO_INCREMENT=22;

--
-- AUTO_INCREMENT for table `tblinvoice`
--
ALTER TABLE `tblinvoice`
  MODIFY `invoiceID` int(30) NOT NULL AUTO_INCREMENT, AUTO_INCREMENT=6;

--
-- AUTO_INCREMENT for table `tbljobroll`
--
ALTER TABLE `tbljobroll`
  MODIFY `JobrollId` int(12) NOT NULL AUTO_INCREMENT, AUTO_INCREMENT=47;

--
-- AUTO_INCREMENT for table `tblplacement`
--
ALTER TABLE `tblplacement`
  MODIFY `placement_id` int(30) NOT NULL AUTO_INCREMENT, AUTO_INCREMENT=3;

--
-- AUTO_INCREMENT for table `tblresult`
--
ALTER TABLE `tblresult`
  MODIFY `id` int(11) NOT NULL AUTO_INCREMENT;

--
-- AUTO_INCREMENT for table `tblscheme`
--
ALTER TABLE `tblscheme`
  MODIFY `SchemeId` int(11) NOT NULL AUTO_INCREMENT, AUTO_INCREMENT=58;

--
-- AUTO_INCREMENT for table `tblsector`
--
ALTER TABLE `tblsector`
  MODIFY `SectorId` int(11) NOT NULL AUTO_INCREMENT, AUTO_INCREMENT=38;

--
-- AUTO_INCREMENT for table `tblstudents`
--
ALTER TABLE `tblstudents`
  MODIFY `StudentId` int(11) NOT NULL AUTO_INCREMENT, AUTO_INCREMENT=1234567902;

--
-- AUTO_INCREMENT for table `tblsubjectcombination`
--
ALTER TABLE `tblsubjectcombination`
  MODIFY `id` int(11) NOT NULL AUTO_INCREMENT, AUTO_INCREMENT=38;

--
-- AUTO_INCREMENT for table `tblsubjects`
--
ALTER TABLE `tblsubjects`
  MODIFY `id` int(11) NOT NULL AUTO_INCREMENT, AUTO_INCREMENT=20;

--
-- AUTO_INCREMENT for table `tbltrainingcenter`
--
ALTER TABLE `tbltrainingcenter`
  MODIFY `TrainingcenterId` int(11) NOT NULL AUTO_INCREMENT, AUTO_INCREMENT=38;

--
-- AUTO_INCREMENT for table `test`
--
ALTER TABLE `test`
  MODIFY `id` int(30) NOT NULL AUTO_INCREMENT, AUTO_INCREMENT=7;

--
-- Constraints for dumped tables
--

--
-- Constraints for table `emi_list`
--
ALTER TABLE `emi_list`
  ADD CONSTRAINT `fk_candidate_emi` FOREIGN KEY (`candidate_id`) REFERENCES `tblcandidate` (`CandidateId`) ON DELETE CASCADE;

--
-- Constraints for table `payment`
--
ALTER TABLE `payment`
  ADD CONSTRAINT `fk_candidate` FOREIGN KEY (`candidate_id`) REFERENCES `tblcandidate` (`CandidateId`) ON DELETE CASCADE;

--
-- Constraints for table `reset_tokens`
--
ALTER TABLE `reset_tokens`
  ADD CONSTRAINT `reset_tokens_ibfk_1` FOREIGN KEY (`user_id`) REFERENCES `admin` (`id`) ON DELETE CASCADE;

--
-- Constraints for table `tblbatch`
--
ALTER TABLE `tblbatch`
  ADD CONSTRAINT `fk_batch` FOREIGN KEY (`training_centre_id`) REFERENCES `tbltrainingcenter` (`TrainingcenterId`) ON DELETE CASCADE;
COMMIT;

/*!40101 SET CHARACTER_SET_CLIENT=@OLD_CHARACTER_SET_CLIENT */;
/*!40101 SET CHARACTER_SET_RESULTS=@OLD_CHARACTER_SET_RESULTS */;
/*!40101 SET COLLATION_CONNECTION=@OLD_COLLATION_CONNECTION */;
